dc_name,company_name,street_address,city,country
Aagtdorp,Essent,Bergen,Schoorl,NL
Aalsmeer,Getronics,Lakenblekerstraat 13,Aalsmeer,NL
Aalsmeer,KPN International,Lakenblekerstraat 13,Aalsmeer,NL
AkzoNobel Twincenter,I4-Networks,Tivolilaan 205,Arnhem,NL
Alblasserdam,Datapark Nederland,Edisonweg 10/220,Alblasserdam,NL
Almere,IBM Cloud,,Almere,NL
Almere,Final Frontier,Cypergrasweg 3,Almere,NL
Almere,Getronics,Rondebeltweg 62,Almere,NL
Almere,Unica Schutte ICT,Rondebeltweg 62,Almere,NL
Almere,Vancis,Randstad 22,Almere,NL
Almere,KPN International,Rondebeltweg 62,Almere,NL
Almere Data Centre 2,Keppel Data Centres Germany Holding,Rondebeltweg 62,Almere,NL
Amerfoort,Datahouse,Spaceshuttle 21,Amersfoort,NL
AMS1,Switch Datacenters,Lemelerbergweg 28,Amsterdam,NL
Amsterdam AMS18 Data Center,Digital Realty,H.J.E. Wenckebachweg 127,Amsterdam,NL
AMS01 Amsterdam Data Center,EdgeConneX,Koolhovenlaan 12,Schiphol-Rijk,NL
Amsterdam,Interoute,Koolhovenlaan 120,Schiphol-Rijk,NL
Amsterdam,Ziggo,Kabelweg 51,Amsterdam,NL
Amsterdam,INAP (Internap Corporation),,Amsterdam,NL
Amsterdam,Dimension Data,,Amsterdam,NL
Amsterdam,NIKHEF,Kruislaan 409,Amsterdam,NL
WideXS - G54,WideXS,Gyroscoopweg 54,Amsterdam,NL
Amsterdam,Liander,Spaklerweg 20a gebouw E,Amsterdam,NL
Amsterdam,Databarn,Zekeringstraat 35,Amsterdam,NL
Amsterdam,BT Global Services,Nieuwe Hemweg 6p,Amsterdam,NL
Amsterdam,Pink Roccade,Paalbergweg 1-3,Amsterdam,NL
Amsterdam,eFolder,,Amsterdam,NL
Amsterdam,GoDaddy,H.J.E. Wenckebachweg 127,Amsterdam,NL
Amsterdam,Viatel,Schipluidenlaan 6,Amsterdam,NL
Amsterdam,Digital Ocean,,Amsterdam,NL
Amsterdam,PLANT hosting & co-location,Science Park 140,Amsterdam,NL
Amsterdam,Atos,Voorheen Teleinfo,Amsterdam,NL
Amsterdam,Criteo,,Amsterdam,NL
Amsterdam,IBM Cloud,,Amsterdam,NL
Amsterdam,CoolWave Communications,Nieuwe Hemweg 26,Amsterdam,NL
Amsterdam,Perigon Networks,,Amsterdam,NL
Amsterdam,euNetworks,Paul van Vlissingenstraat 16,Amsterdam,NL
Amsterdam,Eweka Internet Services,Westhavenweg 60B,Amsterdam,NL
Amsterdam West Data Center,Global Switch,Johan Huizingalaan 759,Amsterdam,NL
Amsterdam East Data Center,Global Switch,Johan Huizingalaan 759,Amsterdam,NL
Amsterdam,Getronics,Paalbergweg 1-3,Amsterdam,NL
Amsterdam,e-shelter services,Rijkerdreef,Rozenburg,NL
Amsterdam,Vancis,Science Park 140,Amsterdam,NL
Amsterdam,Brookfield Infrastructure Partners,Johan Huizingalaan 759,Amsterdam,NL
AMS01 Data Center,Maincubes,Capronilaan 2,Schiphol-Rijk,NL
Amsterdam,ASPHostPortal.com Web Services,Paul van Vlissingenstraat,Amsterdam,NL
Iron Mountain Amsterdam Data Center,Iron Mountain,J.W. Lucasweg 35,Haarlem,NL
AMS - 1 - Amsterdam Data Center,Iron Mountain,J.W. Lucasweg 35,Haarlem,NL
Amsterdam 1,Interxion,Gyroscoopweg 58-60,Amsterdam,NL
Amsterdam 4,Interxion,Gyroscoopweg 58-60,Amsterdam,NL
Amsterdam 1,Lumen,Stekkenbergweg 4,Amsterdam,NL
Amsterdam 10,Interxion,Pudongweg,Schiphol-Rijk,NL
Amsterdam 2,Interxion,Gyroscoopweg 72,Amsterdam,NL
Amsterdam 2,Getronics,Gyroscoopweg 2N,Amsterdam,NL
Amsterdam 2,Lumen,Joop Geesinkweg 401-404,Amsterdam,NL
Amsterdam 2,Digital Ocean,,Amsterdam,NL
Amsterdam 3,Interxion,Cessnalaan 1-33,Schiphol-Rijk,NL
Amsterdam 5,Interxion,Tupolevlaan 101,Schiphol-Rijk,NL
Amsterdam 6,Interxion,Koolhovenlaan 25,Schiphol-Rijk,NL
Amsterdam 7,Interxion,Cessnalaan 50,Schiphol-Rijk,NL
Amsterdam 8,Interxion,Pudongweg 37,Schiphol-Rijk,NL
Amsterdam Science Park 120,Digital Realty,Amsterdam Science Park 120,Amsterdam,NL
Amsterdam South East Data Center,Colt,Van der Madeweg 14A,Amsterdam,NL
Amsterdam-1,Tele2,Paalbergweg 36,Amsterdam,NL
"Amsterdam-2, Gyrocenter",Tele2,Gyroscoopweg 2,Amsterdam,NL
Apeldoorn,Computel,Schumanpark 29-31,Apeldoorn,NL
Apeldoorn,Getronics,Fauststraat 1,Apeldoorn,NL
Apeldoorn,Solcon Internetdiensten,Laan van de Ram 39,Apeldoorn,NL
Apeldoorn,ITB2 Datacenters,Grote Woudhuis 5,Apeldoorn,NL
Arnhem,Akzo Nobel,Tivolilaan 205,Arnhem,NL
Arnhem - Kleefsewaard,Dataplace,Westervoortsedijk 73,Arnhem,NL
atom86 / Schuberg Philis,atom86,Boeing Avenue 271,Schiphol-Rijk,NL
Bardeen Datahotel,Bardeen,Winschoterdiep 50,Groningen,NL
Benelux,Claranet,Science Park Eindhoven 5630,Son en Breugel,NL
BIT-1,BIT,Kelvinstraat 63,Ede,NL
BIT-2A,BIT,Galileïlaan 19,Ede,NL
BIT-2B,BIT,Galileïlaan 19,Ede,NL
BIT-2C,BIT,Galileïlaan 19,Ede,NL
BIT-2D,BIT,Galileïlaan 19,Ede,NL
Boxtel,Rabobank,Bedrijventerrein Vorst,Boxtel,NL
Breda,Concepts ICT Holding,St. Ignatiusstraat 265,Breda,NL
Breda,Axit (@Xit),Takkebijsters 9b,Breda,NL
Capelle a/d Ijssel,InterBox Internet,Venkelbaan 58,Capelle aan den IJssel,NL
Capgemini Service SAS,CapGemini,Archangelkade 1,Amsterdam,NL
Cateringweg 5,Digital Realty,Cateringweg 5,Schiphol,NL
Cellnex,JHJC Kort,Koos Postemalaan,Hilversum,NL
Coevorden,Muller & Associates,Europaweg 2,Coevorden,NL
Coevorden,I-Datacenter,Monierweg 9,Coevorden,NL
Computel Standby Apeldoorn,Computel,Schumanpark 29,Apeldoorn,NL
Cybercentre Almere,VolkerWessels,Braakmankreek 19,Almere,NL
CYMTV,CYMTV,Zebrastraat 9,Rotterdam,NL
Data Hotel Groningen,TCN Data Hotels,Zernikelaan 16,Groningen,NL
Databarn Rivium B.V,Databarn,Rivium Boulevard 62,Capelle aan den IJssel,NL
Datacenter Alphen aan den Rijn,Alticom,Energieweg 4,Alphen aan den Rijn,NL
Datacenter Amsterdam,KPN International,Paalbergweg 1-3,Amsterdam,NL
Datacenter Amsterdam,Alticom,Barbara Strozzilaan 251,Amsterdam,NL
Datacenter Coltbaan,Mariaplaats,Coltbaan 2,Nieuwegein,NL
Datacenter Den Haag,Alticom,Louise Henriëttestraat 385,Den Haag,NL
Datacenter Dongen,Match-IT.NET,De Slof 10C,Dongen,NL
Datacenter Eys,Alticom,Eyserbosweg 27,Eys,NL
DataCenter Fryslân 01,Datacenter Fryslan,François HaverSchmidtwei 3,Leeuwarden,NL
DataCenter Fryslân 02,Datacenter Fryslan,Archimedesweg 3,Leeuwarden,NL
Datacenter Gemert,Alticom,Hemelsbleekweg 15,De Mortel,NL
Datacenter Goes,Alticom,Cornelisweg 10,Goes,NL
Datacenter Groningen,Datacenter Groningen,Beneluxweg 4,Zuidbroek,NL
DataCenter Groningen,Datacenter Groningen,Beneluxweg 22,Zuidbroek,NL
Datacenter Groningen,Bytesnet,Friesestraatweg 219,Groningen,NL
Datacenter Haarlem,Alticom,A. Hofmanweg 1,Haarlem,NL
Datacenter Hilversum,Alticom,Witte kruislaan 47A,Hilversum,NL
Datacenter Hoogersmilde,Alticom,Van veenstraat,Hoogersmilde,NL
Datacenter IJsselstein,Alticom,Hogebiezendijk 21,IJsselstein,NL
Datacenter Ittervoort,Alticom,Hunsel/Branskamp 16,Ittervoort,NL
Datacenter Lelystad,Alticom,Oostvaardersdijk 2,Lelystad,NL
Datacenter Loon op Zand,Alticom,Finantien 4,Loon op Zand,NL
Datacenter Maastricht,Alticom,Trichterbaan 170,Maastricht,NL
Datacenter Markelo,Alticom,Larenseweg 58,Markelo,NL
Datacenter Megen,Alticom,Ravensteinsedijk 2A,Megen,NL
Datacenter Mierlo,Alticom,Torenweg 1,Mierlo,NL
Datacenter Nedzone,Datacenter Nedzone,Drukkerij 6,Steenbergen,NL
Datacenter Roermond,Alticom,Op de meuleberg 7,Roermond,NL
Datacenter Roosendaal,Alticom,Melis stokelaan,Roosendaal,NL
Bytesnet Rotterdam Spaanse Kubus,Bytesnet,Schuttevaerweg 48,Rotterdam,NL
Datacenter Rotterdam,Alticom,Anthonetta Kuijlstraat 40,Rotterdam,NL
Datacenter Tjerkgaast,Alticom,Gaestdyk 3,Tjerkgaast,NL
Datacenter Ugchelen,Alticom,Otterloseweg 110 a/p,Ugchelen,NL
Datacenter Wormer,Alticom,Eenhoornweg 1,Wormer,NL
Datacenter Zwolle,Alticom,Bergkloosterweg 62,Zwolle,NL
Datacenter.com AMS1,Datacenter.com,Keienbergweg 22,Amsterdam,NL
DataPlace,ProServe,Van Coulsterweg 6,Alblasserdam,NL
Dataplace Arnhem,Dataplace,Tivolilaan 251,Arnhem,NL
Dataplace Brabant,Dataplace,Gragtmansstraat 1B,Waalwijk,NL
Dataplace Rotterdam,Dataplace,Van Coulsterweg 6,Alblasserdam,NL
Dataplace Utrecht,Dataplace,Kon. Wilhelminaweg 471,Groenekan,NL
DC Schiecentrale,Intermax Managed Hosting,Weena Zuid 108,Rotterdam,NL
DC Weena,Intermax Managed Hosting,Weena Zuid 108,Rotterdam,NL
DC2,XS4ALL Internet,Drentestraat 12,Amsterdam,NL
De President Business Park,Digital Realty,,Hoofddorp,NL
Den Bosch,Tele2,Australielaan 16,'s-Hertogenbosch,NL
Interconnect Den Bosch,Interconnect Services,De Steenbok 1,'s-Hertogenbosch,NL
Den Haag,ColoHouse,Moezel 3 Den,Den Haag,NL
Den Helder,DHData,Ravelijncenter 23,Den Helder,NL
Deventer,Green Data Systems,Rigastraat 18,Deventer,NL
Deventer,ITB2 Datacenters,Herfordstraat 18,Deventer,NL
DH Alkmaar,Datacenter Noord Holland,Prof van der Waalstraat 1,Alkmaar,NL
Doetinchem,ISP Services (CleanPort BV),Gildenbroederslaan 1,Doetinchem,NL
SDC1 Data Center,Serverius,De Linge 26,Dronten,NL
e-Quest,e-Quest,Schootense Dreef,Helmond,NL
Eemshaven,NxtVN,,Eemshaven,NL
Eemshaven,Google,Weg Spijk-Eemshaven,Eemshaven,NL
Eemshaven,Google,Oostpolder 4,Eemshaven,NL
Interconnect Eindoven,Interconnect Services,Park Forum 1041,Eindhoven,NL
Eindhoven,Atos,Tarasconweg 2,Eindhoven,NL
Eindhoven,Eindhoven Fiber Exchange (EFX),Den Dolech 2,Eindhoven,NL
Eindhoven,BT Global Services,Fuutlaan 6,Eindhoven,NL
Eindhoven,Novadata,Esp 401,Eindhoven,NL
Eindhoven,Vodafone Netherlands,Ekkersrijt 4401,Son en Breugel,NL
Eindhoven,KPN International,High Tech Campus 53,Eindhoven,NL
EKC Limmel,Progressix,Populierweg 150,Maastricht,NL
Emango Internet Services BV,Emango Datacenter,Breinder 24,Schinnen,NL
Enertel Amsterdam (Aalsmeer),Enertel,Lakenbleker Straat 13,Aalsmeer,NL
ENGIE Datacenter Maastricht,ENGIE Services,Amerikalaan 35,Maastricht Airport,NL
AM2 Amsterdam IBX Data Center,Equinix,Luttenbergweg 4,Amsterdam,NL
AM1 Amsterdam IBX Data Center,Equinix,Luttenbergweg 4,Amsterdam,NL
AM3 Amsterdam IBX Data Center,Equinix,Science Park 610,Amsterdam,NL
AM4 Amsterdam IBX Data Center,Equinix,Science Park 610,Amsterdam,NL
AM5 Amsterdam IBX Data Center,Equinix,Schepenbergweg 42,Amsterdam,NL
AM6 Amsterdam IBX Data Center,Equinix,Duivendrechtsekade 80a,Amsterdam,NL
AM7 Amsterdam IBX Data Center,Equinix,Kuiperbergweg 13,Amsterdam,NL
EN1 Enschede Data Center,Equinix,Auke Vleerstraat 1,Enschede,NL
ZW1 RL Netherlands Data Center,Equinix,Telfordstraat 3,Zwolle,NL
Eurofiber Datacenter Utrecht,Eurofiber,Koningin Wilhelminaweg 471,Groenekan,NL
Geleen,Data Exchange Europe,Hofstraat 2A,Geleen,NL
Global-e Datacenter BV – Haansbergseweg Facility,Global-e Datacenter,Haansbergseweg 12,Rijen,NL
GLOBE Datacenter,GLOBE Datacenter,Ravelijncenter 23,Den Helder,NL
Goes,ZeelandNet,Jenny Wijermanweg 24,Goes,NL
Goes/Kloetingen,CyberBunker,Zomerweg,Goes,NL
GrafiX Internet B.V. - Alphen,GrafiX Internet,Handelsweg 8 Alphen aan den,Alphen aan den Rijn,NL
GrafiX Internet B.V. - Capelle,GrafiX Internet,Stationsplein 20,Capelle aan den IJssel,NL
Groningen,University of Groningen,Rekenhal,Groningen,NL
Groningen,KPN International,Liverpoolweg,Groningen,NL
Groningen 2,University of Groningen,Zernikeborg,Groningen,NL
Gyro Datacenter DC1,GYRO DC Holding,Gyroscoopweg 134,Amsterdam,NL
Gyrocenter DC2,GYRO DC Holding,Gyroscoopweg 134,Amsterdam,NL
Gyrocenter DC2,Gyrocenter,Gyroscoopweg 134-140,Amsterdam,NL
Gyroscoopweg 2E-2F,Digital Realty,Gyroscoopweg 2E-2F,Amsterdam,NL
Haagse vierkante kilometer,SSC-ICT,Plaspoelpolder,Rijswijk,NL
Haarlem,Getronics,A. Hofmanweg 1,Haarlem,NL
Halfweg,euNetworks,Haarlemmerstraatweg 133-135,Halfweg,NL
Halfweg (Haarlemmerstraatweg),Cogent Communications,Haarlemmerstraatweg 133-135,Halfweg,NL
Hardinxveld-Giessendam,Nedcomp,Ambachtstraat 1c-d,Hardinxveld-Giessendam,NL
Heerlen Data Center 1,SmartDC,Kloosterweg 1,Heerlen,NL
Heerlen,Getronics,Geerstraat 121,Heerlen,NL
Heerlen,Gemeente Heerlen,Raadhuisplein 1,Heerlen,NL
Helmond,e-Quest,Schootense Dreef 26,Helmond,NL
Helmond DC1,Superior,Schootense Dreef 22a,Helmond,NL
Helmond DC2,Superior,Schootense Dreef 22a,Helmond,NL
Hoofddorp,Shopvizier,Rijnlanderweg 736,Hoofddorp,NL
Houten,ITDev Solutions,Het rond 30,Houten,NL
Enschede Marssteden Data Center,InterDC,Marssteden 110,Enschede,NL
Hengelo Data Center,InterDC,Sherwood Rangers 1,Hengelo,NL
Josinkstraat 30,InterDC,Josinkstraat 30,Enschede,NL
Enschede Haven,InterDC,Josinkstraat 30,Enschede,NL
Kamperland,ZeelandNet,Het Rip 9,Kamperland,NL
Kloetinge,Bunkerinfra Datacenters,Zomerweg 0,Kloetinge,NL
KPN CyberCenterAmsterdam (Oude Meer),Getronics,Fokkerweg 300,Schiphol-Rijk,NL
Leidschenveen,Vodafone Netherlands,Tiber 48,Leidschenveen,NL
Lelystad,Getronics,Botter15 90,Lelystad,NL
Lelystad,TenneT,Meanderplein 1,Lelystad,NL
Liverpoolweg 10,Digital Realty,Liverpoolweg 10,Groningen,NL
"Louwsmeer, Tytjerk",TenneT,Rustenburgweg 1a 110kV,Tytjerk,NL
Luna.nl Rotterdam Puntegale,Luna.nl,Puntegaalstraat 109,Rotterdam,NL
Maasbracht,TenneT,Broekstraat,Maasbracht,NL
Maasdijk,Worldstream,Honderdland 111F,Maasdijk,NL
Meppel,Evinova,Ketelskamp 10,Meppel,NL
Middenmeer,Microsoft,Agriport 601,Middenmeer,NL
Naaldwijk,Greenhouse Datacenters,Industriestraat 24,Naaldwijk,NL
NAP of Amsterdam,Terremark,Cateringweg 5,Amsterdam,NL
Naritaweg 52,Digital Realty,Naritaweg 52,Amsterdam,NL
NDIX Marktplaats Heerlen,NDIX,Geleenstraat 25-27,Heerlen,NL
Nieuwegein,BT Global Services,Frieslandhaven 15,Nieuwegein,NL
Nijmegen,Digital Residence,Jonkerbosplein 52,Nijmegen,NL
Connectivity Data Center,NIKHEF,Science Park 105,Amsterdam,NL
NLDC Datacenter Amsterdam 1 (Oude Meer),NLDC,Fokkerweg 300,Oude Meer,NL
NLDC Datacenter Amsterdam 2 (Aalsmeer),NLDC,Lakenblekerstraat 13,Aalsmeer,NL
NLDC Datacenter Amsterdam 3 (Almere),NLDC,Rondebeltweg 62,Almere,NL
NLDC Datacenter Eindhoven,NLDC,High Tech Campus 53,Eindhoven,NL
NLDC Datacenter Groningen,NLDC,Liverpoolweg 10,Groningen,NL
NLDC Datacenter Rotterdam,NLDC,Anthony Fokkerweg 40,Rotterdam,NL
Amsterdam 1 Data Center,NorthC,Kabelweg 48a,Amsterdam,NL
Delft (Rotterdam - The Hague Region) Data Center,NorthC,Heertjeslaan 1,Delft,NL
NorthC Nieuwegein,NorthC,Groningenhaven 26,Nieuwegein,NL
NorthC Rotterdam Zestienhoven,NorthC,Tempelhof 5,Rotterdam,NL
Oegstgeest,Bunkerinfra Datacenters,Kwaaklaan 1,Oegstgeest,NL
Oosterbeek,BT Global Services,Prins Bernhardweg 2a,Oosterbeek,NL
Oude Meer,KPN International,Fokkerweg 300,Oude Meer,NL
Parthernon 1,Parthenon Data Centres,Medemblikkerweg 37,Wieringerwerf,NL
Paul van Vlissingenstraat 16,Digital Realty,Paul van Vlissingenstraat 16,Amsterdam,NL
Previder PDC1,Previder,Expolaan 50,Hengelo,NL
Previder PDC2,Previder,Barnsteenstraat 15,Hengelo,NL
Rijen,Global Datacenter,Haansbergseweg 12,Rijen,NL
Rijswijk/Den Haag,Tele2,Van Gijnstraat 26,Den Haag,NL
Roermond,ENNE Solutions,Westhoven 6,Roermond,NL
Roosendaal,Hewlett Packard (HP),,Roosendaal,NL
Rotterdam,Colt,Argonweg,Roosendaal,NL
Rotterdam,De Spaanse Kubus,Vlaardingweg 62,Rotterdam,NL
Rotterdam,Infopact Network Solutions,Vlaardingweg 62,Rotterdam,NL
Rotterdam,Schiecentrale,Lloydstraat 5,Rotterdam,NL
Rotterdam,BT Global Services,Tempelhof 5-10,Rotterdam,NL
Rotterdam 1,SmartDC,Van Nelleweg 1,Rotterdam,NL
SARA Almere,SURFsara,Randstad 22153,Almere,NL
SARA Amsterdam,SURFsara,Kruislaan 415,Amsterdam,NL
Schuberg Philis Amsterdam (Schiphol Rijk),Schuberg Philis,Boeingavenue 271,Schiphol-Rijk,NL
Science Park,Interxion,Science Park 121,Amsterdam,NL
Serverius SDC1,Serverius,De Linge 28,Dronten,NL
SDC2 Data Center,Serverius,Ketelskamp 10,Meppel,NL
SDC3 Data Center,Serverius,Laan van de Ram 39,Apeldoorn,NL
Signet DC1,SIGNET,Science Park Eindhoven 5218,Son en Breugel,NL
Sittard,Unilogic Networks,Bergerweg 110,Sittard,NL
Sittard-Geleen,Cegeka,,Sittard-Geleen,NL
SkyLink Data Center,SkyLink Data Center,Bart van Slobbestraat 16,Eygelshoven,NL
Solcon Datacenter Dronten,Solcon Internetdiensten,,Dronten,NL
Spaanse Kubus,We Dare,Vlaardingweg 62,Rotterdam,NL
Spijkenisse,Data Facilities,Boyleweg 2,Spijkenisse,NL
Systemec Data Centers,Systemec Data Centers,Marinus Dammeweg 25,Venlo,NL
TCN Data Hotel Eemshaven,TCN Data Hotels,Huibertgatweg 2,Eemshaven,NL
Telecom DC Franeker,PowerXS,Oostelijke Industrieweg 4B,Franeker,NL
The Hague,Data Facilities,Moezel 3,Den Haag,NL
Tilburg,NBrIX,Professor Verbernelaan 35,Tilburg,NL
UNET Almere,Unet,Transistorstraat 7c,Almere,NL
Utrecht,CapGemini,Daltonlaan 300,Utrecht,NL
Utrecht,Tele2,Niels Bohrweg 135,Utrecht,NL
Utrecht,RAM Infotechnology,Ptolemaeuslaan 69,Utrecht,NL
Venlo,Fontys Hogeschool,Hulsterweg 2,Venlo,NL
Venlo,Tele2,Van Coehoornstraat 8,Venlo,NL
Venlo,Intersquare,1e Lambertusstraat 26,Venlo,NL
Vierverlaten,TenneT,Hoendiep 330 220kV,Hoogkerk,NL
Waalwijk,Datacenter Brabant,Gragtmansstraat 1b,Waalwijk,NL
WickedWay Utrecht,WickedWay,Draaiweg,Utrecht,NL
Woerden,Switch Datacenters,,Woerden,NL
Wolvega,TeDoc Web Management,Kerkstraat 26,Wolvega,NL
Wormer,DataOne,Bruynvisweg 11,Wormer,NL
WRD1,Switch Datacenters,Polanerbaan 1,Woerden,NL
AMS2 Data Center,Switch Datacenters,Polanerbaan 1,Woerden,NL
Zeewolde,Facebook,Trekkersveld 4,Zeewolde,NL
Zoetermeer,ColoCenter,Heliumstraat 200,Zoetermeer,NL
Zwolle,Tele2,Popovstraat 5 a/b,Zwolle,NL
Zwolle,BT Global Services,George Stephensonstraat,Zwolle,NL
Smartdc Heerlen (Performance Data Center),i3D.net,Kloosterweg 1,Heerlen,NL
Eys data centre,Cellnext,Eyserbosweg 27,Eys,NL
West Europe-Netherlands,Microsoft,Evert van de Beekstraat 354,Schiphol,NL
Netherlands Data Center,11:11 Systems,Cessnalaan 50,Schiphol-Rijk,NL
Netherlands Northwest eu-amsterdam-1,Oracle,,Amsterdam,NL
Middenmeer - The Netherlands,Microsoft,Cultuurweg 11,Middenmeer,NL
"Eemshaven, Netherlands Data Center",Google,,Eemshaven,NL
"AMS03 Amsterdam, Netherlands",IBM Cloud,Johan Huizingalaan 765,Amsterdam,NL
"Middenmeer, Netherlands Data Center",Google,Tussenweg 8,Middenmeer,NL
AMS-01 J.W. Lucasweg 35 Data Center,LeaseWeb,J.W. Lucasweg 35,Haarlem,NL
Westpoort Data Center,Google,Westpoortboulevard,Groningen,NL
Amsterdam AMS5 Data Center,Digital Realty,Tupolevlaan 101,Schiphol-Rijk,NL
Amsterdam AMS16 Data Center,Digital Realty,Jan Wijsmullerdreef 4,Hoofddorp,NL
Amsterdam AMS17 Data Center,Digital Realty,Science Park 121,Amsterdam,NL
Amsterdam AMS7 Data Center,Digital Realty,Cessnalaan 50,Schiphol-Rijk,NL
Winschoten Data Center,Google,Hoogebrug,Winschoten,NL
Claranet Eindhoven Data Center,Claranet,Flight Forum 840,Eindhoven,NL
Amsterdam AMS10 Data Center,Digital Realty,Pudongweg 25,Aalsmeerderbrug,NL
Amsterdam AMS3 Data Center,Digital Realty,Cessnalaan 1-33,Schiphol-Rijk,NL
Amsterdam AMS-02 Data Center,LeaseWeb,Capronilaan 2,Schiphol-Rijk,NL
Almere (Amsterdam Region) Data Center,NorthC,Rondebeltweg 62,Almere,NL
Amsterdam Data Center 1,IPTP Networks,Science Park 404,Amsterdam,NL
Rotterdam Data Center,Eurofiber,Van Coulsterweg 6,Alblasserdam,NL
AM11 Amsterdam Data Center,Equinix,Lemelerbergweg 28,Amsterdam,NL
Amsterdam AMS9 Data Center,Digital Realty,Science Park Amsterdam 121,Amsterdam,NL
AMS1 Amsterdam Data Center,CyrusOne,Linieweg 1,Haarlemmerliede,NL
Amsterdam AMS8 Data Center,Digital Realty,Pudongweg 37,Rozenburg,NL
Aalsmeer (Amsterdam Region) Data Center,NorthC,Lakenblekerstraat 13,Aalsmeer,NL
AMS2 Amsterdam Data Center,Zenlayer,Kuiperbergweg 13,Amsterdam,NL
Amsterdam Data Center,EXA Infrastructure,Koolhovenlaan 120,Schiphol-Rijk,NL
Amsterdam AMS6 Data Center,Digital Realty,Koolhovenlaan 25,Schiphol-Rijk,NL
"AMS01 Amsterdam, Netherlands",IBM Cloud,Paul van Vlissingenstraat 16,Amsterdam,NL
AM8 Amsterdam IBX Data Center,Equinix,Gyroscoopweg 2E,Amsterdam,NL
Oude Meer (Amsterdam Region) Data Center,NorthC,Fokkerweg 300,Oude Meer,NL
Schuberg Philis Datacenter,Schuberg Philis,Boeing Avenue 271,Schiphol-Rijk,NL
Eindhoven 2 (High Tech Gateway) Data Center,NorthC,De Schakel 35,Eindhoven,NL
Brabant Data Center,Eurofiber,Gragtmansstraat,Waalwijk,NL
Nedzone Data Center,Eurofiber,Drukkerij 6,Steenbergen,NL
Eindhoven 1 (High Tech Campus) Data Center,NorthC,High Tech Campus 53,Eindhoven,NL
Tilburg Data Center,CenterServ,Tilburg Hart van Brabantlaan,Tilburg,NL
Eindhoven Data Center,CenterServ,Fellenoord,Eindhoven,NL
Global-e Datacenter BV – Europalaan Facility (NLRI2),Global-e Datacenter,Europalaan 5,Rijen,NL
Interconnect Hertogenbosch,Interconnect Services,Het Sterrenbeeld 55,'s-Hertogenbosch,NL
Mierlo,Cellnext,Torenweg 1,Mierlo,NL
Gemert,Cellnext,Hemelsbleekweg 15,De Mortel,NL
Loon op Zand,Cellnext,Finantiën 5,Tilburg,NL
Megen,Cellnext,Ravensteinsedijk 2a,Megen,NL
Ittervoort,Cellnext,Branskamp 16,Ittervoort,NL
Eindhoven Campus Data Center,Keppel Data Centres,,Eindhoven,NL
Rotterdam Waalhaven Data Center,NorthC,Anthony Fokkerweg 40,Rotterdam,NL
Goes Data Center,Cellnext,Cornelisweg 10,Goes,NL
Nieuwegein (Utrecht Region) Data Center,NorthC,Frieslandhaven 6,Nieuwegein,NL
BT DC Nieuwegein,BT Global Services,Frieslandhaven 6,Nieuwegein,NL
IJsselstein,Cellnext,Hogebiezendijk 21,IJsselstein,NL
Rotterdam Zestienhoven 1 & 2 Data Center,NorthC,Tempelhof 5-11,Rotterdam,NL
BT DC Rotterdam,BT Global Services,Tempelhof 5-11,Rotterdam,NL
Smartdc Rotterdam (Performance Data Center),i3D.net,Van Nelleweg 1,Rotterdam,NL
Arnhem Data Center,Eurofiber,Tivolilaan 251,Arnhem,NL
Amersfoort Data Center,CenterServ,Centraal Station,Amersfoort,NL
BIT-2A Data Center,TUXIS Internet Engineering,Galileïlaan 19,Ede,NL
BIT-2BCD Data Center,BIT,,Ede,NL
BIT-1 Data Center,TUXIS Internet Engineering,Kelvinstraat 63,Ede,NL
Alphen aan den Rijn,Cellnext,Energieweg 4,Alphen aan den Rijn,NL
THG1 – The Hague Data Center,Data Facilities,Moezel 5,Den Haag,NL
Amsterdam AMS15 Data Center,Digital Realty,Jan Wijsmullerdreef 10,Hoofddorp,NL
AMS Campus Netherlands - Amsterdam,CloudHQ,,Schiphol-Rijk,NL
nLighten Amsterdam AMS2,nLighten,1119,Schiphol-Rijk,NL
Amsterdam 3 Data Center,HorizonIQ,Cessnalaan 1-33,Schiphol-Rijk,NL
"Amsterdam, Netherlands (AMS1)",Limestone Networks,Cessnalaan 50,Schiphol-Rijk,NL
Schiphol-Rijk Data Center 3,IPTP Networks,Cessnalaan 1,Schiphol-Rijk,NL
AMS DC-02 – Maincubes AMS01,3W Infra,Capronilaan 2,Schiphol-Rijk,NL
The Netherlands,OpenMetal.io,Cessnalaan 1-33,Schiphol-Rijk,NL
Markelo,Cellnext,Larenseweg 58,Markelo,NL
Ugchelen,Cellnext,Otterloseweg 110,Ugchelen,NL
Doetinchem data center,InterRacks,Gildenbroederslaan 1,Doetinchem,NL
Groningen Netherlands Data Center,QTS Data Centers,Zernikelaan 16,Groningen,NL
Groningen 1 & 2 Data Centers,NorthC,Liverpoolweg 10,Groningen,NL
Bytesnet Groningen d'ROOT,Bytesnet,De Bunders 1,Groningen,NL
Groningen Data Center,CenterServ,Paterswoldseweg,Groningen,NL
Hoogersmilde,Cellnext,V. Veenstraat 26,Hoogersmilde,NL
AMS4 Data Center,Switch Datacenters,Treubweg 11,Diemen,NL
AM1 - DRT Data Center PoP,MOD Mission Critical,H.J.E. Wenckebachweg 127,Amsterdam,NL
Amsterdam AMS001 Data Center,AtlasEdge Data Centers,Van der Madeweg 12-14a,Duivendrecht,NL
AMS3 Data Center,Switch Datacenters,Weesp,Amsterdam,NL
AMS4 Amsterdam Data Center,Zenlayer,Schepenbergweg 42,Amsterdam,NL
Amsterdam 2 Data Center,NorthC,,Amsterdam,NL
"Data Centre, Paul van Vlissingenstraat",CapitaLand,Johann Siegerstraat 9,Amsterdam,NL
Amsterdam Data Center (POP),Delska (DEAC European Data Center Operator),Schepenbergweg,Amsterdam,NL
AM5 Equinix,FDCservers.net,Schepenbergweg 42,Amsterdam,NL
Amsterdam Data Center 3,IPTP Networks,Science Park 120,Amsterdam,NL
Amsterdam Data Center 4,IPTP Networks,Science Park 105,Amsterdam,NL
Media Gateway Hilversum,Cellnext,Koos Postemalaan 2,Hilversum,NL
Amsterdam (Joop Geesinkweg) Data Center DC1,Lumen,Joop Geesinkweg 401,Amsterdam,NL
Data center Penta Geleen,Penta Infra,Transportlaan 100,Geleen,NL
Maastricht,Cellnext,Trichterbaan 170,Maastricht,NL
Cegeka Data Center Geleen,Cegeka,Transportlaan 100,Geleen,NL
Amsterdam Data Center 2,IPTP Networks,Luttenbergweg 4,Amsterdam,NL
Haarlem Data Center,IPTP Networks,J.W. Lucasweg 35,Haarlem,NL
Amsterdam Data Center 5,IPTP Networks,Keienbergweg 22,Amsterdam,NL
Almere Data Centre,Keppel Data Centres,,Almere,NL
Hilversum,Cellnext,Witte Kruislaan 47a,Hilversum,NL
Amsterdam IDC,eASPNet Taiwan,Science Park,Amsterdam,NL
Amsterdam Data Center 15,IPTP Networks,Science Park 121,Amsterdam,NL
Amsterdam Data Center 9,IPTP Networks,Science Park 610,Amsterdam,NL
Amsterdam Data Center 8,IPTP Networks,Science Park 610,Amsterdam,NL
Data center Penta Leeuwarden,Penta Infra,François HaverSchmidtwei 3,Leeuwarden,NL
Tjerkgaast,Cellnext,Gaestdyk 3,Tjerkgaast,NL
DC1 Amsterdam Data Center,Lumen,Johan Huizingalaan 759,Amsterdam,NL
AMS002 Data Center,AtlasEdge Data Centers,Luchtvaartstraat 1C,Amsterdam,NL
AMS7 Amsterdan Data Center,Zenlayer,H.J.E. Wenckebachweg 127,Amsterdam,NL
