country_code,year,electricity_demand_twh,electricity_generation_twh,carbon_intensity_g_per_kwh,renewables_share_pct
AL,2000,5.73,4.73,48.63,96.195
AL,2001,5.44,3.69,51.49,95.393
AL,2002,5.82,3.71,62.0,93.801
AL,2003,6.15,5.23,36.33,97.897
AL,2004,6.03,5.55,39.64,97.477
AL,2005,5.76,5.39,33.4,98.701
AL,2006,5.65,5.04,35.71,98.214
AL,2007,5.66,2.83,42.4,97.527
AL,2008,6.19,3.76,23.94,100.0
AL,2009,6.6,5.2,23.08,100.0
AL,2010,6.62,7.57,23.78,100.0
AL,2011,7.45,4.19,33.41,98.568
AL,2012,7.26,4.72,23.31,100.0
AL,2013,9.28,6.96,24.43,100.0
AL,2014,7.79,4.72,23.31,100.0
AL,2015,7.29,5.89,23.77,100.0
AL,2016,7.74,7.78,23.14,100.0
AL,2017,7.44,4.53,24.28,100.0
AL,2018,7.64,8.55,23.39,100.0
AL,2019,7.61,5.2,23.08,100.0
AL,2020,7.59,5.31,24.48,100.0
AL,2021,8.39,8.94,23.49,100.0
AL,2022,7.89,6.97,24.39,100.0
AL,2023,8.09,9.01,24.42,100.0
AL,2024,8.67,8.34,25.18,100.0
AT,2000,58.27,59.64,203.39,72.837
AT,2001,61.2,60.98,229.09,69.269
AT,2002,61.33,60.63,226.13,69.108
AT,2003,63.58,57.97,282.39,60.79
AT,2004,64.93,61.85,259.34,64.058
AT,2005,66.99,64.37,254.0,63.508
AT,2006,68.55,62.21,253.01,65.359
AT,2007,68.85,62.83,232.69,68.709
AT,2008,69.24,64.38,220.41,69.167
AT,2009,66.99,66.21,195.89,71.258
AT,2010,70.26,67.82,226.78,66.337
AT,2011,70.4,62.2,238.59,65.772
AT,2012,71.45,68.65,185.87,74.771
AT,2013,71.82,64.55,173.35,78.234
AT,2014,70.82,61.55,150.45,81.56
AT,2015,71.84,61.78,172.06,77.031
AT,2016,72.03,64.87,154.62,78.742
AT,2017,73.64,67.09,162.92,76.092
AT,2018,73.62,64.67,157.88,77.408
AT,2019,73.82,70.69,152.78,77.295
AT,2020,71.23,69.03,133.28,80.284
AT,2021,74.21,66.67,135.29,79.121
AT,2022,73.17,64.47,140.84,78.191
AT,2023,70.91,70.98,111.72,84.756
AT,2024,71.69,78.47,103.48,86.224
AT,2025,75.84,73.22,116.91,83.597
BY,2000,33.31,26.1,518.01,0.115
BY,2001,33.34,25.07,516.55,0.12
BY,2002,33.01,26.46,515.5,0.113
BY,2003,33.46,26.63,514.08,0.113
BY,2004,34.45,31.2,515.06,0.096
BY,2005,35.0,30.96,512.6,0.129
BY,2006,36.17,31.81,515.25,0.126
BY,2007,36.17,31.83,508.95,0.157
BY,2008,36.89,35.05,512.13,0.2
BY,2009,34.84,30.37,534.08,0.362
BY,2010,37.6,34.9,511.18,0.401
BY,2011,37.78,32.19,509.16,0.435
BY,2012,38.41,30.81,510.22,0.682
BY,2013,37.88,31.51,505.87,0.952
BY,2014,38.06,34.74,507.2,0.835
BY,2015,36.71,34.09,506.89,0.997
BY,2016,36.59,33.57,506.11,1.281
BY,2017,37.1,34.51,499.86,2.26
BY,2018,38.0,38.99,501.15,2.077
BY,2019,38.12,40.46,498.76,2.57
BY,2020,38.04,38.54,498.7,3.503
BY,2021,40.95,41.25,433.21,3.079
BY,2022,36.48,37.18,439.22,3.389
BY,2023,41.43,41.74,359.85,3.21
BY,2024,45.22,45.82,329.55,3.077
BY,2025,45.47,46.37,309.25,4.831
BE,2000,87.12,82.79,269.6,1.268
BE,2001,87.74,78.63,252.83,1.374
BE,2002,88.53,80.94,249.82,1.408
BE,2003,89.98,83.57,249.13,1.436
BE,2004,90.69,82.91,247.62,1.809
BE,2005,90.68,84.38,241.05,2.501
BE,2006,93.5,83.34,231.58,3.552
BE,2007,93.59,86.81,224.28,4.02
BE,2008,93.66,83.06,218.28,5.321
BE,2009,87.92,89.76,216.91,6.061
BE,2010,93.59,93.04,212.81,7.061
BE,2011,91.82,89.28,192.88,9.364
BE,2012,91.45,81.51,202.68,12.894
BE,2013,91.59,81.95,184.26,14.301
BE,2014,88.8,71.2,189.89,17.149
BE,2015,89.43,68.43,215.55,21.102
BE,2016,90.49,84.31,158.7,16.902
BE,2017,91.36,85.34,159.48,18.514
BE,2018,91.2,73.87,186.95,23.23
BE,2019,90.84,92.69,156.54,20.984
BE,2020,87.96,88.29,166.61,26.56
BE,2021,91.52,99.4,131.79,22.887
BE,2022,86.8,94.33,139.4,25.898
BE,2023,83.77,82.13,134.67,33.435
BE,2024,86.35,76.01,126.96,35.232
BE,2025,86.56,72.89,149.82,38.935
BA,2000,10.43,10.43,517.74,48.802
BA,2001,10.63,10.63,517.4,48.73
BA,2002,10.79,10.79,515.29,48.842
BA,2003,11.27,11.27,601.6,39.929
BA,2004,12.73,12.73,534.17,46.976
BA,2005,12.6,12.6,526.98,47.619
BA,2006,13.29,13.29,562.83,43.943
BA,2007,11.78,11.78,659.59,33.871
BA,2008,14.67,14.67,671.44,33.197
BA,2009,15.48,15.48,600.78,40.31
BA,2010,16.93,16.93,531.01,47.431
BA,2011,15.07,15.07,708.69,29.131
BA,2012,13.81,13.81,700.22,30.051
BA,2013,17.25,17.25,584.93,41.971
BA,2014,17.03,17.03,653.55,34.88
BA,2015,16.43,16.43,664.03,33.78
BA,2016,17.71,17.71,685.49,31.677
BA,2017,16.24,16.24,766.01,23.522
BA,2018,19.07,19.07,660.72,34.347
BA,2019,17.42,17.42,637.2,36.682
BA,2020,16.79,16.79,711.14,29.184
BA,2021,18.41,18.41,615.97,39.001
BA,2022,16.35,16.35,683.18,32.049
BA,2023,17.18,17.18,576.25,43.073
BA,2024,15.49,15.49,601.03,40.349
BA,2025,14.44,14.44,570.64,43.56
BG,2000,35.97,40.59,458.24,6.479
BG,2001,36.51,43.44,484.35,3.798
BG,2002,35.78,42.08,444.63,5.038
BG,2003,36.79,42.28,492.9,7.072
BG,2004,35.48,41.36,493.71,7.592
BG,2005,36.31,43.89,453.86,9.797
BG,2006,37.7,45.44,451.81,9.309
BG,2007,38.35,42.82,558.62,6.726
BG,2008,39.15,44.49,550.91,6.586
BG,2009,37.24,42.31,528.48,8.698
BG,2010,37.48,45.93,521.01,12.541
BG,2011,39.3,49.96,577.66,7.786
BG,2012,38.15,46.46,525.4,11.3
BG,2013,36.84,43.02,487.45,16.062
BG,2014,37.46,46.92,487.0,15.75
BG,2015,38.13,48.71,494.56,17.963
BG,2016,38.16,44.53,472.04,15.81
BG,2017,39.36,44.84,502.9,13.671
BG,2018,38.7,46.51,442.7,20.168
BG,2019,37.91,43.72,438.7,17.132
BG,2020,36.73,40.14,383.91,18.61
BG,2021,38.44,47.22,415.29,21.834
BG,2022,38.09,50.28,476.33,19.153
BG,2023,36.75,40.08,338.32,25.075
BG,2024,37.31,38.3,278.85,29.922
BG,2025,36.53,37.96,275.55,32.798
HR,2000,14.63,11.21,302.41,57.538
HR,2001,15.27,12.75,306.67,56.314
HR,2002,15.73,12.69,370.37,46.099
HR,2003,16.47,13.16,414.13,41.489
HR,2004,16.87,13.87,315.07,55.011
HR,2005,17.46,13.05,336.4,54.1
HR,2006,17.91,12.91,347.02,51.51
HR,2007,18.44,12.54,420.26,37.799
HR,2008,18.79,12.78,382.63,45.696
HR,2009,18.35,13.35,301.87,56.03
HR,2010,18.76,14.79,268.43,62.88
HR,2011,18.38,11.23,374.89,47.017
HR,2012,18.0,10.57,351.94,49.763
HR,2013,17.81,13.94,256.1,66.571
HR,2014,17.38,13.43,226.36,74.013
HR,2015,18.03,11.24,274.91,66.904
HR,2016,18.13,12.6,275.4,66.349
HR,2017,18.72,11.77,255.74,60.493
HR,2018,18.91,13.52,201.18,72.337
HR,2019,18.78,12.65,242.69,66.008
HR,2020,17.87,13.23,226.76,64.626
HR,2021,19.07,15.11,210.46,69.689
HR,2022,18.79,14.1,244.68,63.475
HR,2023,19.02,17.44,194.95,70.126
HR,2024,19.65,15.29,170.7,73.447
HR,2025,20.05,14.7,158.5,76.259
CY,2000,3.37,3.37,658.75,0.0
CY,2001,3.55,3.55,659.16,0.0
CY,2002,3.79,3.79,656.99,0.0
CY,2003,4.05,4.05,656.79,0.0
CY,2004,4.2,4.2,657.14,0.0
CY,2005,4.38,4.38,657.53,0.0
CY,2006,4.65,4.65,658.07,0.0
CY,2007,4.87,4.87,657.08,0.0
CY,2008,5.07,5.07,656.81,0.197
CY,2009,5.21,5.21,656.43,0.576
CY,2010,5.33,5.33,649.16,1.501
CY,2011,4.92,4.92,638.21,3.455
CY,2012,4.72,4.72,622.88,5.508
CY,2013,4.29,4.29,610.72,7.692
CY,2014,4.34,4.34,612.9,7.143
CY,2015,4.54,4.54,603.52,8.811
CY,2016,4.89,4.89,603.27,8.793
CY,2017,5.0,5.0,606.0,8.6
CY,2018,5.06,5.06,598.81,9.486
CY,2019,5.15,5.15,596.12,10.097
CY,2020,4.85,4.85,581.44,12.371
CY,2021,5.12,5.12,564.45,15.234
CY,2022,5.26,5.26,555.13,16.73
CY,2023,5.33,5.33,532.83,20.45
CY,2024,5.79,5.79,511.23,24.007
CY,2025,5.91,5.91,489.0,27.75
CZ,2000,62.88,72.9,767.08,3.128
CZ,2001,64.68,74.22,751.82,3.463
CZ,2002,64.61,76.0,699.34,3.934
CZ,2003,66.58,82.79,651.89,2.259
CZ,2004,68.07,83.79,640.17,3.27
CZ,2005,69.3,81.93,646.65,3.82
CZ,2006,71.03,83.66,634.11,4.208
CZ,2007,71.62,87.77,652.27,3.897
CZ,2008,71.81,83.28,627.52,4.467
CZ,2009,68.0,81.64,603.14,5.708
CZ,2010,70.27,85.22,593.64,6.935
CZ,2011,69.6,86.64,583.56,8.356
CZ,2012,69.46,86.58,552.78,9.321
CZ,2013,69.02,85.91,527.53,10.825
CZ,2014,68.68,84.98,530.83,10.791
CZ,2015,69.98,82.49,553.16,11.407
CZ,2016,71.03,82.0,573.9,11.451
CZ,2017,72.72,85.76,542.33,11.229
CZ,2018,72.93,86.84,532.59,10.859
CZ,2019,72.62,85.72,503.5,11.736
CZ,2020,69.95,80.1,460.18,12.909
CZ,2021,72.58,83.66,471.79,12.718
CZ,2022,70.2,83.73,488.36,12.863
CZ,2023,66.62,75.8,442.61,14.697
CZ,2024,66.15,72.81,414.23,16.893
CZ,2025,68.04,75.5,401.46,16.848
DK,2000,36.51,35.85,627.89,15.537
DK,2001,36.97,37.54,630.79,15.583
DK,2002,37.03,39.1,618.67,17.366
DK,2003,37.42,45.97,651.51,17.555
DK,2004,37.37,40.24,581.26,23.683
DK,2005,37.45,36.08,552.66,27.162
DK,2006,38.51,45.44,635.34,20.224
DK,2007,38.19,39.14,597.09,26.316
DK,2008,37.93,36.48,577.3,27.686
DK,2009,36.58,36.25,582.9,27.779
DK,2010,37.61,38.75,540.39,32.077
DK,2011,36.43,35.11,486.47,40.359
DK,2012,35.78,30.57,431.14,48.544
DK,2013,35.69,34.61,472.41,46.114
DK,2014,34.89,32.04,400.75,56.149
DK,2015,34.69,28.78,313.76,65.775
DK,2016,35.46,30.4,360.86,60.493
DK,2017,35.46,30.9,282.85,70.55
DK,2018,35.43,30.21,296.92,68.686
DK,2019,35.18,29.37,204.29,78.55
DK,2020,35.46,28.58,188.94,82.05
DK,2021,37.79,32.92,222.97,79.283
DK,2022,36.52,35.16,203.64,80.859
DK,2023,37.02,33.89,151.96,86.397
DK,2024,38.77,35.06,131.77,89.19
DK,2025,40.67,33.3,114.41,91.171
EE,2000,7.58,8.51,634.55,0.118
EE,2001,7.87,8.49,633.69,0.236
EE,2002,7.84,8.53,634.23,0.352
EE,2003,8.26,10.16,638.78,0.492
EE,2004,8.52,10.31,639.19,0.582
EE,2005,8.59,10.2,634.31,1.078
EE,2006,8.98,9.73,632.07,1.336
EE,2007,9.76,12.18,642.04,1.149
EE,2008,9.64,10.58,633.27,1.89
EE,2009,8.86,8.78,621.87,6.15
EE,2010,9.72,12.97,609.87,8.096
EE,2011,9.33,12.89,604.34,9.154
EE,2012,9.72,11.96,592.81,12.291
EE,2013,9.69,13.28,606.18,9.262
EE,2014,9.7,12.45,595.98,11.165
EE,2015,9.23,10.15,573.4,15.369
EE,2016,10.13,12.17,588.33,13.065
EE,2017,10.43,13.16,582.83,14.134
EE,2018,10.47,12.37,573.97,16.087
EE,2019,9.77,7.61,509.86,28.121
EE,2020,9.72,6.08,404.61,48.849
EE,2021,9.82,7.19,450.63,39.917
EE,2022,9.95,8.94,487.7,31.991
EE,2023,9.04,5.74,395.47,48.78
EE,2024,9.18,6.26,343.45,55.751
EE,2025,9.34,6.11,319.15,59.574
FI,2000,81.85,69.97,246.82,33.414
FI,2001,84.41,74.45,284.89,28.932
FI,2002,86.84,74.92,316.2,26.468
FI,2003,89.13,84.28,371.38,22.615
FI,2004,90.71,85.84,325.37,29.858
FI,2005,87.57,70.56,230.87,33.248
FI,2006,93.69,82.29,335.76,27.294
FI,2007,93.73,81.17,309.1,29.962
FI,2008,90.12,77.35,246.15,35.902
FI,2009,84.15,72.06,276.16,30.114
FI,2010,91.14,80.64,314.86,29.985
FI,2011,87.35,73.5,268.16,32.898
FI,2012,87.85,70.41,215.17,40.562
FI,2013,86.97,71.26,257.65,35.967
FI,2014,86.07,68.1,226.43,38.59
FI,2015,84.95,68.61,182.04,44.498
FI,2016,87.7,68.75,199.56,44.233
FI,2017,87.95,67.52,186.17,46.608
FI,2018,90.17,70.23,193.37,45.764
FI,2019,88.65,68.61,171.55,46.466
FI,2020,84.34,69.24,130.27,51.892
FI,2021,89.88,72.11,135.63,52.947
FI,2022,84.69,72.17,129.97,53.568
FI,2023,83.24,81.52,81.21,51.889
FI,2024,85.73,82.55,66.63,55.857
FI,2025,87.78,82.3,57.47,56.464
FR,2000,463.08,532.56,79.77,12.737
FR,2001,474.21,542.6,68.63,14.023
FR,2002,474.21,551.24,75.21,11.373
FR,2003,492.72,559.13,80.86,10.994
FR,2004,504.39,566.3,77.19,11.022
FR,2005,508.81,569.14,85.53,9.66
FR,2006,503.96,567.3,76.57,10.737
FR,2007,505.03,561.84,80.11,11.445
FR,2008,518.99,566.98,76.03,12.757
FR,2009,502.94,528.87,75.6,12.886
FR,2010,531.65,562.36,78.56,13.635
FR,2011,511.24,567.65,74.62,11.63
FR,2012,523.06,567.58,77.59,15.02
FR,2013,528.29,576.75,76.29,17.24
FR,2014,499.12,566.31,52.22,16.604
FR,2015,510.08,574.14,59.17,15.996
FR,2016,517.34,558.84,68.62,17.715
FR,2017,515.61,555.74,78.31,16.538
FR,2018,513.27,576.24,59.92,19.757
FR,2019,507.85,565.52,59.79,19.964
FR,2020,482.21,527.25,59.08,23.714
FR,2021,505.42,550.31,59.8,22.187
FR,2022,483.39,468.45,78.54,24.201
FR,2023,468.28,518.75,53.26,26.89
FR,2024,471.8,561.78,40.48,27.176
FR,2025,476.66,569.98,41.44,26.064
DE,2000,572.01,568.95,573.16,6.224
DE,2001,582.6,578.94,565.48,6.543
DE,2002,593.76,583.76,569.62,7.621
DE,2003,598.76,602.03,570.01,7.752
DE,2004,606.98,609.6,554.71,9.51
DE,2005,608.77,613.34,546.3,10.342
DE,2006,613.22,630.2,536.21,11.514
DE,2007,614.54,631.1,551.81,14.172
DE,2008,612.19,632.29,525.41,14.925
DE,2009,575.69,587.96,521.55,16.341
DE,2010,609.26,624.21,516.65,16.887
DE,2011,601.23,605.0,529.67,20.567
DE,2012,599.27,619.81,534.16,23.136
DE,2013,597.5,629.69,538.04,24.131
DE,2014,584.87,618.75,521.68,26.171
DE,2015,590.89,639.17,503.59,29.435
DE,2016,591.0,641.52,498.3,29.482
DE,2017,592.0,644.46,469.71,33.467
DE,2018,583.54,632.28,454.55,35.258
DE,2019,567.42,600.09,392.51,40.189
DE,2020,547.72,566.75,355.61,44.374
DE,2021,560.25,578.83,394.64,40.167
DE,2022,539.62,566.88,419.74,44.373
DE,2023,515.94,506.72,362.92,54.685
DE,2024,522.26,495.99,336.38,58.642
DE,2025,520.27,500.47,329.65,59.092
GR,2000,52.93,52.94,822.82,7.82
GR,2001,55.04,52.54,845.64,5.596
GR,2002,56.26,53.36,827.59,6.709
GR,2003,59.37,57.28,790.33,10.283
GR,2004,61.04,58.22,786.16,10.151
GR,2005,62.51,58.73,782.56,10.914
GR,2006,63.61,59.41,743.14,12.91
GR,2007,66.76,62.4,776.92,7.356
GR,2008,67.79,62.18,758.93,9.247
GR,2009,64.71,60.34,747.1,13.523
GR,2010,62.32,56.61,707.3,18.601
GR,2011,61.68,58.45,725.06,13.944
GR,2012,61.69,59.91,704.06,16.909
GR,2013,58.26,56.37,636.69,25.475
GR,2014,58.44,49.62,667.88,24.547
GR,2015,60.66,51.05,603.53,29.089
GR,2016,62.64,53.84,571.51,27.656
GR,2017,61.04,54.8,579.75,25.182
GR,2018,58.89,52.61,545.14,30.679
GR,2019,57.89,47.95,496.98,33.577
GR,2020,56.37,47.51,423.07,36.94
GR,2021,57.92,54.24,383.11,40.8
GR,2022,55.12,51.67,376.81,43.449
GR,2023,53.84,48.93,336.4,49.826
GR,2024,56.77,57.08,321.65,49.229
GR,2025,55.56,58.27,315.09,49.7
HU,2000,38.63,35.19,450.98,0.682
HU,2001,39.59,36.42,439.04,0.714
HU,2002,40.41,36.15,432.37,0.636
HU,2003,41.07,34.13,468.8,0.967
HU,2004,41.18,33.71,431.33,2.788
HU,2005,41.98,35.75,382.66,5.231
HU,2006,43.06,35.85,389.96,4.156
HU,2007,43.95,39.96,385.89,4.705
HU,2008,43.92,40.02,376.06,5.872
HU,2009,41.42,35.91,343.92,8.048
HU,2010,42.56,37.36,341.01,8.084
HU,2011,42.66,36.02,341.2,7.524
HU,2012,42.59,34.62,332.76,7.626
HU,2013,42.15,30.27,317.48,9.184
HU,2014,42.78,29.39,300.1,10.752
HU,2015,44.02,30.33,299.04,10.617
HU,2016,44.59,31.88,300.19,10.194
HU,2017,45.8,32.92,290.71,10.571
HU,2018,46.4,32.05,284.56,11.763
HU,2019,46.86,34.28,266.04,13.711
HU,2020,46.6,34.92,257.45,15.808
HU,2021,48.85,36.1,238.5,19.141
HU,2022,47.93,35.78,228.9,21.409
HU,2023,46.64,35.54,196.12,26.393
HU,2024,48.73,38.0,184.47,31.474
HU,2025,48.9,40.24,163.02,35.313
IS,2000,7.61,7.61,26.28,100.0
IS,2001,7.96,7.96,25.13,100.0
IS,2002,8.35,8.35,26.35,99.88
IS,2003,8.44,8.44,27.25,99.882
IS,2004,8.54,8.54,26.93,100.0
IS,2005,8.61,8.61,26.71,100.0
IS,2006,9.85,9.85,27.41,100.0
IS,2007,11.89,11.89,27.75,100.0
IS,2008,16.34,16.34,26.93,100.0
IS,2009,16.71,16.71,27.53,100.0
IS,2010,16.74,16.74,27.48,100.0
IS,2011,16.85,16.85,27.3,100.0
IS,2012,17.29,17.29,27.76,100.0
IS,2013,17.99,17.99,27.79,100.0
IS,2014,17.8,17.8,28.09,100.0
IS,2015,18.55,18.55,27.49,100.0
IS,2016,18.17,18.17,27.52,100.0
IS,2017,19.07,19.07,27.27,100.0
IS,2018,19.69,19.69,28.44,100.0
IS,2019,19.36,19.36,28.41,100.0
IS,2020,18.89,18.89,28.06,100.0
IS,2021,19.39,19.39,27.85,100.0
IS,2022,19.87,19.87,27.68,100.0
IS,2023,19.81,19.81,27.76,100.0
IS,2024,19.05,19.05,27.82,100.0
IE,2000,23.73,23.63,632.67,5.036
IE,2001,24.34,24.59,641.32,4.229
IE,2002,25.3,24.8,615.73,5.565
IE,2003,26.0,24.83,595.65,4.631
IE,2004,26.77,25.2,591.27,5.595
IE,2005,27.64,25.6,592.97,7.383
IE,2006,28.88,27.1,559.41,9.225
IE,2007,29.69,28.36,535.61,10.014
IE,2008,30.38,29.93,516.87,12.162
IE,2009,28.74,27.98,486.78,14.868
IE,2010,28.63,28.16,478.69,13.388
IE,2011,27.69,27.2,455.88,20.221
IE,2012,27.57,27.16,483.06,19.588
IE,2013,27.86,25.62,462.92,22.287
IE,2014,28.01,25.86,446.25,25.019
IE,2015,28.83,28.16,439.28,28.303
IE,2016,29.59,30.3,442.57,25.116
IE,2017,30.11,30.79,404.03,29.263
IE,2018,31.01,31.04,362.44,33.312
IE,2019,31.51,30.87,311.95,38.711
IE,2020,32.01,32.16,291.05,42.444
IE,2021,33.33,31.74,351.92,37.051
IE,2022,34.04,33.79,330.87,39.213
IE,2023,34.82,31.55,282.41,45.261
IE,2024,36.14,31.08,270.91,46.525
IE,2025,37.64,30.95,256.54,48.142
IT,2000,314.29,269.94,501.67,18.845
IT,2001,320.28,271.9,498.68,19.989
IT,2002,328.13,277.53,523.08,17.407
IT,2003,337.24,286.27,523.25,16.369
IT,2004,339.34,293.71,510.98,18.341
IT,2005,343.78,294.63,510.17,16.438
IT,2006,350.6,305.61,506.76,16.57
IT,2007,352.45,306.17,504.75,15.586
IT,2008,351.6,311.57,485.51,18.667
IT,2009,331.32,286.36,458.58,24.186
IT,2010,340.79,296.63,446.45,25.948
IT,2011,344.1,298.37,445.59,27.801
IT,2012,338.35,295.25,438.17,31.235
IT,2013,328.16,286.02,398.96,39.158
IT,2014,320.25,276.53,379.31,43.641
IT,2015,326.08,279.7,398.68,38.931
IT,2016,322.98,285.95,389.58,37.772
IT,2017,329.85,292.09,392.82,35.568
IT,2018,329.96,286.06,366.88,39.995
IT,2019,328.13,289.99,351.32,39.943
IT,2020,309.01,276.81,334.2,42.231
IT,2021,328.28,285.49,339.1,40.747
IT,2022,323.16,280.17,377.84,35.857
IT,2023,312.8,261.55,323.23,44.55
IT,2024,318.56,267.56,281.4,50.172
IT,2025,311.6,264.7,284.78,48.776
XK,2000,3.33,2.96,989.87,1.689
XK,2001,4.2,3.73,994.64,1.34
XK,2002,4.18,3.71,994.61,1.348
XK,2003,4.09,3.63,994.49,1.377
XK,2004,4.54,4.08,980.39,2.696
XK,2005,4.73,4.46,984.31,2.466
XK,2006,4.71,4.43,986.46,2.257
XK,2007,5.05,4.83,989.65,1.863
XK,2008,5.57,5.16,994.19,1.55
XK,2009,5.46,4.97,985.92,2.414
XK,2010,5.64,5.17,976.79,3.095
XK,2011,6.22,5.8,991.38,1.724
XK,2012,6.09,5.94,993.27,1.684
XK,2013,6.18,6.52,989.26,2.147
XK,2014,5.92,5.43,983.43,2.762
XK,2015,6.24,6.11,988.54,2.291
XK,2016,5.47,5.98,969.9,4.181
XK,2017,6.28,5.92,979.73,3.041
XK,2018,6.06,5.91,961.08,5.076
XK,2019,6.37,6.35,960.63,4.882
XK,2020,6.38,6.7,958.21,5.373
XK,2021,7.6,6.91,945.01,6.512
XK,2022,7.46,6.91,945.01,6.512
XK,2023,7.35,6.34,884.86,12.618
XK,2024,7.31,6.77,924.67,8.567
XK,2025,7.4,5.35,900.94,11.028
LV,2000,5.93,4.14,147.34,68.116
LV,2001,6.15,4.27,147.54,66.276
LV,2002,6.32,3.97,166.25,62.469
LV,2003,6.6,3.97,171.29,58.942
LV,2004,6.79,4.69,136.46,68.23
LV,2005,7.07,4.92,130.08,69.512
LV,2006,7.4,4.89,171.78,57.055
LV,2007,7.76,4.76,163.87,59.244
LV,2008,7.79,5.27,157.5,60.911
LV,2009,7.22,5.57,147.22,63.914
LV,2010,7.5,6.63,179.49,54.902
LV,2011,7.33,6.09,197.04,50.575
LV,2012,7.86,6.17,145.87,66.613
LV,2013,7.56,6.2,187.1,56.935
LV,2014,7.46,5.14,202.34,54.475
LV,2015,7.36,5.54,220.22,50.181
LV,2016,7.45,6.42,204.05,54.206
LV,2017,7.47,7.53,140.77,72.51
LV,2018,7.63,6.72,215.77,51.935
LV,2019,7.56,6.44,223.6,49.534
LV,2020,7.35,5.72,176.57,63.636
LV,2021,7.62,5.85,176.07,63.59
LV,2022,7.34,5.03,135.19,75.944
LV,2023,7.18,6.38,119.12,77.743
LV,2024,7.4,6.33,134.28,73.46
LV,2025,7.52,6.27,138.76,73.046
LT,2000,9.79,11.13,103.32,3.055
LT,2001,10.4,14.36,89.83,2.298
LT,2002,10.8,17.29,76.92,2.024
LT,2003,11.29,18.82,71.73,1.753
LT,2004,11.56,18.75,77.33,2.293
LT,2005,11.45,14.42,110.26,3.19
LT,2006,11.64,12.07,110.19,3.563
LT,2007,12.09,13.46,104.76,4.309
LT,2008,12.37,13.33,103.53,4.501
LT,2009,11.71,14.64,104.51,4.645
LT,2010,10.99,5.0,368.0,18.2
LT,2011,10.99,4.25,322.35,26.118
LT,2012,11.12,4.5,322.22,26.222
LT,2013,11.14,4.19,293.56,36.516
LT,2014,11.31,3.69,284.55,40.921
LT,2015,11.44,4.23,295.51,39.716
LT,2016,11.9,3.63,234.16,57.851
LT,2017,12.24,3.56,182.58,71.067
LT,2018,12.55,2.92,178.08,75.342
LT,2019,12.68,3.34,170.66,73.952
LT,2020,12.61,4.7,231.92,54.681
LT,2021,13.34,4.3,220.93,60.93
LT,2022,12.61,4.04,180.69,74.752
LT,2023,12.23,5.3,118.87,83.774
LT,2024,12.79,7.39,116.37,84.303
LT,2025,12.32,8.89,138.36,77.615
LU,2000,6.11,0.4,225.0,40.0
LU,2001,6.19,0.87,287.36,19.54
LU,2002,6.27,2.8,317.86,5.357
LU,2003,6.55,2.79,319.0,5.018
LU,2004,6.74,3.37,314.54,5.638
LU,2005,6.61,3.35,313.43,6.269
LU,2006,7.1,3.54,313.56,7.062
LU,2007,7.15,3.19,310.35,8.15
LU,2008,7.07,2.72,308.82,10.294
LU,2009,6.57,3.15,311.11,8.571
LU,2010,7.3,3.24,311.73,8.333
LU,2011,7.12,2.64,314.39,9.091
LU,2012,6.87,2.76,304.35,11.232
LU,2013,6.78,1.84,288.04,19.565
LU,2014,6.8,1.91,287.96,20.942
LU,2015,6.94,1.34,268.66,32.09
LU,2016,7.09,0.79,215.19,58.228
LU,2017,7.08,0.9,188.89,66.667
LU,2018,7.12,0.96,187.5,70.833
LU,2019,6.95,1.07,168.22,74.766
LU,2020,6.68,1.22,163.93,79.508
LU,2021,6.95,1.23,162.6,80.488
LU,2022,6.72,1.21,140.5,85.95
LU,2023,6.61,1.41,120.57,89.362
LU,2024,6.76,1.51,132.45,90.728
LU,2025,6.7,1.54,123.38,91.558
MT,2000,1.92,1.92,656.25,0.0
MT,2001,1.94,1.94,659.79,0.0
MT,2002,2.05,2.05,658.54,0.0
MT,2003,2.24,2.24,656.25,0.0
MT,2004,2.22,2.22,657.66,0.0
MT,2005,2.24,2.24,656.25,0.0
MT,2006,2.26,2.26,659.29,0.0
MT,2007,2.3,2.3,656.52,0.0
MT,2008,2.31,2.31,658.01,0.0
MT,2009,2.17,2.17,658.99,0.0
MT,2010,2.11,2.11,658.77,0.0
MT,2011,2.17,2.17,658.99,0.0
MT,2012,2.3,2.3,647.83,1.304
MT,2013,2.26,2.26,646.02,1.77
MT,2014,2.25,2.25,635.56,3.556
MT,2015,2.35,1.3,607.69,7.692
MT,2016,2.39,0.86,558.14,16.279
MT,2017,2.51,1.65,527.27,10.303
MT,2018,2.59,1.97,512.69,10.152
MT,2019,2.71,2.07,516.91,10.145
MT,2020,2.57,2.15,506.98,11.628
MT,2021,2.73,2.22,504.51,12.162
MT,2022,2.94,2.3,500.0,13.043
MT,2023,2.97,2.35,493.62,13.617
MT,2024,3.16,2.19,488.58,15.525
MT,2025,3.23,2.19,484.02,15.982
MD,2000,7.23,5.45,662.39,7.156
MD,2001,7.98,5.85,670.09,6.154
MD,2002,7.88,5.64,668.44,6.206
MD,2003,9.22,5.77,668.98,6.239
MD,2004,8.74,5.8,670.69,6.034
MD,2005,9.11,5.97,671.69,6.03
MD,2006,9.59,6.08,671.05,6.086
MD,2007,8.8,5.87,671.21,5.963
MD,2008,8.97,6.01,668.89,6.323
MD,2009,7.65,6.19,672.05,5.654
MD,2010,6.14,6.11,666.12,6.547
MD,2011,6.45,5.78,669.55,6.055
MD,2012,6.66,5.81,679.86,4.647
MD,2013,5.97,4.51,665.19,6.874
MD,2014,6.1,5.37,670.39,6.145
MD,2015,6.06,6.04,682.12,4.47
MD,2016,5.85,5.85,683.76,4.103
MD,2017,6.09,4.96,669.36,6.25
MD,2018,6.34,5.38,672.86,5.948
MD,2019,6.33,5.69,669.6,6.503
MD,2020,6.35,6.18,673.14,5.825
MD,2021,6.82,6.66,668.17,6.607
MD,2022,6.17,5.33,647.28,9.568
MD,2023,6.43,6.35,642.52,9.606
MD,2024,6.06,6.07,634.27,10.708
MD,2025,6.17,6.16,633.12,11.201
ME,2005,4.66,2.87,369.34,65.157
ME,2006,4.82,2.95,427.12,59.322
ME,2007,4.73,2.14,420.56,59.813
ME,2008,4.61,2.83,477.03,54.417
ME,2009,3.81,2.76,271.74,75.0
ME,2010,4.02,4.02,338.31,68.408
ME,2011,4.21,2.65,566.04,45.283
ME,2012,4.06,2.85,501.75,51.93
ME,2013,3.6,3.94,385.79,63.452
ME,2014,3.43,3.17,466.88,55.205
ME,2015,3.52,3.0,523.33,49.667
ME,2016,3.44,3.14,433.12,58.599
ME,2017,3.6,2.48,564.52,45.161
ME,2018,3.6,3.8,426.32,59.211
ME,2019,3.68,3.43,454.81,56.268
ME,2020,3.47,3.39,495.58,52.212
ME,2021,3.6,3.77,400.53,61.804
ME,2022,3.18,3.31,483.38,53.172
ME,2023,3.32,4.19,410.5,60.859
ME,2024,3.37,3.53,422.1,59.49
ME,2025,4.34,2.46,264.23,75.61
NL,2000,106.97,88.06,540.31,3.373
NL,2001,109.42,92.14,541.03,3.592
NL,2002,111.02,94.64,538.78,4.205
NL,2003,112.46,95.47,540.8,4.148
NL,2004,116.04,99.82,522.74,5.31
NL,2005,116.82,98.53,511.72,7.571
NL,2006,118.98,97.52,511.38,8.265
NL,2007,121.29,103.68,509.74,7.321
NL,2008,122.06,106.21,494.4,8.973
NL,2009,117.24,112.35,486.69,9.64
NL,2010,120.88,118.1,478.15,9.475
NL,2011,121.73,112.64,472.3,10.938
NL,2012,119.38,102.27,494.48,12.193
NL,2013,118.8,100.56,500.6,12.033
NL,2014,116.83,102.1,521.25,11.41
NL,2015,117.74,108.99,551.43,12.561
NL,2016,118.87,113.96,524.57,12.969
NL,2017,119.55,116.04,489.66,15.021
NL,2018,121.07,113.1,467.11,16.693
NL,2019,120.91,120.05,410.0,18.992
NL,2020,119.3,121.96,342.9,26.837
NL,2021,121.14,120.89,351.97,33.452
NL,2022,115.69,119.96,325.61,40.097
NL,2023,114.3,119.96,268.17,47.382
NL,2024,118.11,122.33,250.72,50.74
NL,2025,121.11,134.96,253.56,51.2
MK,2000,6.92,6.81,822.32,17.181
MK,2001,6.8,6.37,907.38,9.89
MK,2002,6.88,6.09,880.13,12.479
MK,2003,7.68,6.73,811.29,20.357
MK,2004,7.84,6.66,794.29,22.222
MK,2005,8.54,6.94,802.59,21.47
MK,2006,8.8,7.01,768.9,23.538
MK,2007,8.99,6.5,835.39,15.538
MK,2008,9.04,6.31,873.22,13.312
MK,2009,8.26,6.82,816.72,18.622
MK,2010,8.68,7.26,677.69,33.471
MK,2011,9.44,6.76,794.38,21.154
MK,2012,8.93,6.26,819.49,16.613
MK,2013,8.52,6.09,719.21,26.108
MK,2014,8.34,5.38,749.07,23.978
MK,2015,8.16,5.65,631.86,35.929
MK,2016,7.66,5.63,593.25,36.767
MK,2017,7.58,5.6,705.36,23.036
MK,2018,7.53,5.61,595.37,34.938
MK,2019,7.7,5.87,700.17,22.828
MK,2020,7.67,5.34,623.6,27.715
MK,2021,8.01,5.53,562.39,29.837
MK,2022,7.35,5.94,624.58,27.104
MK,2023,7.04,6.89,568.94,32.075
MK,2024,7.02,6.31,510.3,39.461
MK,2025,8.35,6.82,441.35,47.214
NO,2000,123.47,142.52,25.75,99.712
NO,2001,124.89,121.32,26.87,99.522
NO,2002,120.53,130.24,26.49,99.585
NO,2003,114.54,106.67,27.75,99.4
NO,2004,121.55,110.1,27.88,99.355
NO,2005,125.21,137.25,26.96,99.468
NO,2006,122.07,121.22,27.88,99.324
NO,2007,126.08,136.11,28.58,99.14
NO,2008,127.33,141.19,27.48,99.405
NO,2009,121.99,130.97,39.09,96.572
NO,2010,130.69,123.14,42.88,95.793
NO,2011,122.85,125.93,38.36,96.808
NO,2012,128.36,146.18,32.15,98.228
NO,2013,128.13,133.14,33.95,97.957
NO,2014,125.3,140.88,33.93,97.913
NO,2015,128.35,143.0,33.64,97.951
NO,2016,131.62,148.03,33.1,98.054
NO,2017,133.11,148.27,32.98,98.118
NO,2018,135.79,145.94,33.1,98.02
NO,2019,133.87,133.83,33.48,97.938
NO,2020,133.85,154.32,30.39,98.516
NO,2021,139.55,157.13,26.92,99.319
NO,2022,132.9,145.42,29.64,98.645
NO,2023,135.89,153.63,30.46,98.47
NO,2024,138.67,157.11,29.66,98.606
NO,2025,137.71,160.81,28.11,98.999
PL,2000,136.81,143.18,954.6,1.627
PL,2001,136.99,143.72,949.56,1.934
PL,2002,135.42,142.49,945.61,1.944
PL,2003,139.85,150.01,949.8,1.5
PL,2004,143.25,152.54,941.26,2.098
PL,2005,144.1,155.29,932.26,2.479
PL,2006,149.71,160.7,931.92,2.67
PL,2007,153.17,158.52,925.44,3.425
PL,2008,153.83,154.5,918.51,4.278
PL,2009,148.67,150.86,904.81,5.76
PL,2010,155.42,156.77,893.03,6.94
PL,2011,157.63,162.87,881.69,8.062
PL,2012,158.64,161.48,860.79,10.453
PL,2013,159.26,163.78,863.23,10.416
PL,2014,160.52,158.35,844.08,12.536
PL,2015,163.97,164.3,826.11,13.81
PL,2016,168.0,166.0,818.55,13.741
PL,2017,172.2,169.91,805.54,14.202
PL,2018,175.12,169.43,809.01,12.76
PL,2019,173.84,163.22,771.66,15.599
PL,2020,170.42,157.15,738.28,17.964
PL,2021,179.68,178.79,756.36,17.093
PL,2022,176.92,178.6,732.48,21.103
PL,2023,169.26,165.52,650.68,27.707
PL,2024,174.09,172.12,608.18,31.147
PL,2025,174.31,173.26,588.6,31.508
PT,2000,44.14,43.21,546.17,29.785
PT,2001,46.3,46.06,506.95,34.173
PT,2002,47.45,45.55,592.54,21.361
PT,2003,49.18,46.39,485.23,38.155
PT,2004,51.16,44.68,541.18,27.551
PT,2005,52.83,46.01,595.31,17.931
PT,2006,53.84,48.4,503.93,32.479
PT,2007,54.2,46.71,472.28,34.703
PT,2008,54.77,45.34,471.55,32.289
PT,2009,54.16,49.38,452.82,37.039
PT,2010,56.1,53.48,317.13,53.01
PT,2011,54.59,51.78,375.05,46.562
PT,2012,53.33,45.44,441.24,42.628
PT,2013,53.13,50.35,340.42,58.53
PT,2014,52.7,51.8,325.68,60.946
PT,2015,53.41,51.14,413.96,47.634
PT,2016,53.96,59.05,343.61,54.699
PT,2017,54.91,57.59,433.76,39.208
PT,2018,55.69,58.35,358.7,50.403
PT,2019,55.0,51.6,300.97,53.12
PT,2020,52.85,51.39,248.3,58.591
PT,2021,53.97,49.22,210.48,64.08
PT,2022,55.58,46.33,225.34,59.594
PT,2023,56.37,46.14,158.43,74.469
PT,2024,57.74,47.27,110.64,85.191
PT,2025,60.44,51.13,127.91,80.951
RO,2000,50.86,51.56,513.77,28.666
RO,2001,52.24,53.55,524.56,27.862
RO,2002,51.57,54.42,515.07,29.493
RO,2003,52.76,54.84,573.85,24.179
RO,2004,55.29,56.47,518.15,29.237
RO,2005,56.43,59.33,489.97,34.081
RO,2006,58.29,62.56,530.37,29.348
RO,2007,59.47,61.56,529.73,26.007
RO,2008,60.61,64.86,497.53,26.549
RO,2009,55.29,57.59,469.7,27.001
RO,2010,58.15,60.42,424.53,33.598
RO,2011,59.89,61.8,490.62,26.408
RO,2012,58.79,58.54,486.85,25.504
RO,2013,56.17,58.19,389.76,34.628
RO,2014,57.79,64.92,357.06,41.774
RO,2015,58.93,65.66,369.02,39.887
RO,2016,59.2,64.22,345.38,41.996
RO,2017,60.65,63.54,369.22,38.228
RO,2018,61.53,64.07,348.06,40.877
RO,2019,60.28,58.76,328.97,41.916
RO,2020,58.0,55.21,277.85,44.575
RO,2021,60.76,58.56,289.96,44.98
RO,2022,55.96,54.74,297.77,43.149
RO,2023,53.93,56.95,243.2,49.798
RO,2024,55.68,52.72,251.33,46.51
RO,2025,54.39,49.81,250.75,47.039
RS,2000,34.96,31.95,699.53,30.736
RS,2001,36.61,32.57,701.57,30.365
RS,2002,37.72,33.24,707.58,29.874
RS,2003,37.05,34.26,750.15,25.511
RS,2004,36.92,37.19,719.82,28.556
RS,2005,33.92,35.86,686.84,31.818
RS,2006,35.06,35.87,723.73,28.854
RS,2007,35.88,35.97,742.56,26.3
RS,2008,36.89,36.82,749.59,25.964
RS,2009,36.28,37.71,734.29,27.95
RS,2010,37.12,37.42,693.48,31.774
RS,2011,37.74,38.02,780.38,22.804
RS,2012,36.58,36.19,751.87,25.698
RS,2013,36.69,39.23,751.98,26.051
RS,2014,35.0,33.44,683.61,32.984
RS,2015,36.67,37.59,744.35,26.895
RS,2016,36.69,38.61,729.86,28.127
RS,2017,37.27,36.44,752.74,25.494
RS,2018,36.79,36.67,709.85,29.725
RS,2019,36.94,36.86,721.38,28.513
RS,2020,36.57,37.18,736.15,27.327
RS,2021,38.11,37.46,666.31,33.502
RS,2022,37.59,34.84,710.68,28.186
RS,2023,37.14,39.33,638.95,34.961
RS,2024,37.48,36.96,666.4,32.062
RS,2025,37.4,36.62,695.8,27.799
SK,2000,28.08,30.78,251.14,14.977
SK,2001,28.14,31.82,250.47,15.965
SK,2002,28.02,32.18,225.3,16.843
SK,2003,28.72,30.98,257.26,11.556
SK,2004,28.6,30.46,253.12,13.559
SK,2005,28.07,31.34,239.31,14.933
SK,2006,28.92,31.25,231.04,15.392
SK,2007,29.58,27.85,235.19,17.702
SK,2008,29.22,28.7,223.69,15.923
SK,2009,27.24,25.93,220.98,18.974
SK,2010,28.5,27.46,205.03,21.668
SK,2011,29.01,28.28,214.29,17.68
SK,2012,28.69,28.3,203.53,19.329
SK,2013,28.59,28.5,181.75,22.316
SK,2014,28.23,27.13,172.87,23.0
SK,2015,29.01,26.62,177.31,22.727
SK,2016,29.45,26.8,177.24,24.739
SK,2017,30.45,27.42,183.08,23.851
SK,2018,30.34,26.66,191.67,21.793
SK,2019,29.91,28.21,171.22,23.573
SK,2020,28.83,28.51,158.54,24.027
SK,2021,30.47,29.7,167.34,22.795
SK,2022,27.95,26.54,142.05,21.929
SK,2023,26.11,29.53,115.14,22.723
SK,2024,26.57,29.52,96.55,24.051
SK,2025,26.75,29.1,94.85,18.729
SI,2000,12.29,13.61,361.5,28.655
SI,2001,12.71,14.48,367.4,26.727
SI,2002,13.47,14.6,386.3,23.356
SI,2003,13.99,13.83,394.79,22.27
SI,2004,14.51,15.27,364.11,27.57
SI,2005,14.79,15.11,370.62,23.627
SI,2006,15.15,15.11,383.85,24.487
SI,2007,15.27,15.04,388.96,22.473
SI,2008,14.81,16.41,350.4,26.264
SI,2009,13.33,16.39,341.67,29.896
SI,2010,14.14,16.26,353.63,29.213
SI,2011,14.55,15.92,358.67,24.372
SI,2012,14.51,15.55,359.49,27.846
SI,2013,14.51,15.8,336.71,32.342
SI,2014,14.41,17.15,244.32,38.484
SI,2015,14.75,14.8,316.89,29.392
SI,2016,15.05,16.23,325.94,31.177
SI,2017,15.53,16.05,318.38,27.664
SI,2018,15.62,16.12,304.59,32.382
SI,2019,15.57,15.89,298.93,31.718
SI,2020,14.89,16.89,277.09,33.037
SI,2021,15.32,15.59,269.4,34.894
SI,2022,14.81,13.36,257.49,30.464
SI,2023,14.04,15.55,225.08,40.514
SI,2024,14.3,16.71,230.4,41.113
SI,2025,14.31,14.84,183.29,39.623
ES,2000,225.36,220.92,470.89,15.612
ES,2001,236.52,233.07,422.49,21.152
ES,2002,245.24,239.91,481.89,13.826
ES,2003,258.56,257.3,429.23,21.667
ES,2004,273.58,276.61,449.12,18.123
ES,2005,288.12,289.46,475.06,14.603
ES,2006,292.31,295.59,432.76,17.643
ES,2007,296.11,301.86,438.85,19.314
ES,2008,298.75,309.79,390.23,20.062
ES,2009,282.62,290.72,355.02,25.482
ES,2010,289.47,297.8,288.25,32.831
ES,2011,285.45,291.54,337.28,30.023
ES,2012,282.75,293.95,351.11,29.587
ES,2013,274.71,281.46,286.86,39.583
ES,2014,271.03,274.44,288.99,40.176
ES,2015,277.04,277.17,328.5,35.025
ES,2016,278.37,270.7,282.93,38.652
ES,2017,281.55,272.38,329.17,32.282
ES,2018,282.5,271.4,290.86,38.272
ES,2019,277.38,270.52,246.67,37.332
ES,2020,262.75,259.47,199.1,43.855
ES,2021,271.6,270.75,193.54,46.445
ES,2022,267.35,287.15,217.13,42.803
ES,2023,265.15,279.11,169.68,51.514
ES,2024,270.71,280.94,146.22,57.336
ES,2025,275.1,287.89,153.6,55.858
SE,2000,149.91,145.23,44.89,57.247
SE,2001,154.31,161.6,46.78,51.559
SE,2002,152.06,146.7,56.24,48.5
SE,2003,148.22,135.39,68.54,43.378
SE,2004,149.46,151.56,48.03,44.985
SE,2005,150.97,158.36,43.13,51.288
SE,2006,149.32,143.28,49.69,49.595
SE,2007,150.14,148.82,46.03,52.029
SE,2008,147.94,149.9,47.83,54.31
SE,2009,141.29,136.6,51.1,58.426
SE,2010,150.53,148.45,63.73,55.298
SE,2011,143.05,150.28,52.3,55.956
SE,2012,146.87,166.44,44.7,59.066
SE,2013,143.03,153.03,44.7,54.035
SE,2014,137.94,153.56,40.18,55.841
SE,2015,139.4,162.0,40.86,63.272
SE,2016,144.16,155.89,42.98,57.175
SE,2017,145.24,164.23,42.5,57.882
SE,2018,146.14,163.36,42.73,55.797
SE,2019,142.26,168.42,42.34,58.746
SE,2020,138.78,163.78,38.71,68.47
SE,2021,146.21,171.78,41.74,67.383
SE,2022,139.83,173.05,41.03,68.321
SE,2023,137.56,166.05,38.42,69.407
SE,2024,138.71,172.15,34.91,69.358
SE,2025,137.11,170.71,35.26,71.191
CH,2000,59.05,66.12,33.58,56.987
CH,2001,60.61,71.05,33.36,59.395
CH,2002,60.9,65.41,34.25,55.19
CH,2003,62.23,65.34,34.44,54.668
CH,2004,63.17,63.87,35.23,54.423
CH,2005,64.15,57.8,38.06,55.865
CH,2006,64.83,62.13,36.21,51.714
CH,2007,64.37,66.43,34.47,54.915
CH,2008,65.91,67.04,34.16,55.683
CH,2009,64.51,66.67,34.05,55.542
CH,2010,66.57,66.05,35.88,56.73
CH,2011,65.47,62.88,36.26,54.103
CH,2012,65.93,68.13,36.25,59.489
CH,2013,66.29,68.69,35.52,59.208
CH,2014,64.59,70.08,34.39,58.034
CH,2015,65.04,66.07,35.57,62.237
CH,2016,65.02,61.1,39.44,61.882
CH,2017,65.7,60.15,39.73,62.776
CH,2018,64.7,66.29,36.05,58.651
CH,2019,64.31,70.57,35.28,59.87
CH,2020,62.94,68.5,36.64,62.204
CH,2021,65.5,63.09,38.52,66.587
CH,2022,64.86,61.72,37.27,58.312
CH,2023,63.68,70.07,34.82,63.165
CH,2024,63.97,78.37,34.58,67.449
CH,2025,65.12,65.02,39.22,67.825
UA,2000,167.99,171.84,402.47,6.564
UA,2001,170.24,173.3,408.83,6.953
UA,2002,170.91,174.03,414.18,5.545
UA,2003,175.64,180.58,410.73,5.133
UA,2004,177.11,182.44,368.12,6.457
UA,2005,178.04,186.39,374.86,6.653
UA,2006,183.17,193.61,404.27,6.678
UA,2007,187.08,196.25,416.05,5.335
UA,2008,185.85,192.58,417.96,6.138
UA,2009,169.34,173.61,409.65,6.981
UA,2010,184.76,188.82,409.86,7.091
UA,2011,188.66,194.95,427.6,5.74
UA,2012,187.41,198.88,441.87,5.647
UA,2013,184.48,194.37,448.99,7.774
UA,2014,174.39,182.82,417.68,5.563
UA,2015,162.33,163.68,380.13,4.338
UA,2016,160.83,164.58,408.49,5.626
UA,2017,150.86,156.04,347.22,6.96
UA,2018,153.79,159.86,349.31,8.151
UA,2019,150.1,154.14,341.51,7.701
UA,2020,145.37,147.79,325.39,11.469
UA,2021,154.4,156.44,279.47,13.852
UA,2022,111.61,111.51,250.47,16.411
GB,2000,391.23,377.06,521.99,2.628
GB,2001,395.17,384.77,528.99,2.479
GB,2002,395.65,387.24,520.89,2.872
GB,2003,400.37,398.21,536.78,2.685
GB,2004,401.41,393.92,536.02,3.59
GB,2005,406.67,398.35,535.26,4.25
GB,2006,404.79,397.27,559.34,4.556
GB,2007,402.02,396.81,556.06,4.96
GB,2008,399.98,388.96,554.38,5.641
GB,2009,379.62,376.76,504.65,6.699
GB,2010,384.72,382.06,517.2,6.852
GB,2011,374.19,367.97,499.63,9.566
GB,2012,375.73,363.87,537.23,11.334
GB,2013,372.71,358.28,506.92,14.852
GB,2014,358.6,338.08,462.88,19.081
GB,2015,359.98,338.87,397.79,24.599
GB,2016,356.93,339.18,333.45,24.474
GB,2017,352.98,338.22,302.2,29.238
GB,2018,352.87,333.76,285.65,33.0
GB,2019,348.36,327.19,268.41,36.596
GB,2020,328.55,310.3,242.54,43.065
GB,2021,332.64,307.9,267.1,39.782
GB,2022,320.28,324.58,254.98,41.611
GB,2023,315.83,292.53,235.63,46.378
GB,2024,317.35,284.16,216.5,50.648
GB,2025,321.38,292.31,217.41,51.972
