name,company,city,state,country,address
"3 Harbor View, Philipsburg",Open Caribbean Internet eXchange (OCIX),Antilles,,Netherlands,"Falcon Drive 3, Harbor View Corporate Park Sint Maarten Netherlands Antilles"
Aagtdorp,Essent,Aagtdorp,,Netherlands,"Bergen, Schoorl Aagtdorp Netherlands"
Aalsmeer,Getronics,Aalsmeer,,Netherlands,Lakenblekerstraat 13 1431 GE Aalsmeer Netherlands
Aalsmeer,KPN International,Aalsmeer,,Netherlands,Lakenblekerstraat 13 1431 GE Aalsmeer Netherlands
AkzoNobel Twincenter,I4-Networks,Arnhem,,Netherlands,Tivolilaan 205 6824BV Arnhem Netherlands
Alblasserdam,Datapark Nederland,Alblasserdam,,Netherlands,Edisonweg 10/220 2952AD Alblasserdam Netherlands
Almere,SoftLayer Technologies (IBM Cloud),Almere,,Netherlands,tbc Almere Netherlands
Almere,Final Frontier,Almere,,Netherlands,Cypergrasweg 3 1313AK Almere Netherlands
Almere,Getronics,Almere,,Netherlands,Rondebeltweg 62 1329 BG Almere Netherlands
Almere,Unica Schutte ICT,Almere,,Netherlands,Rondebeltweg 62 1329 Almere Netherlands
Almere,Vancis,Almere,,Netherlands,Randstad 22 1316 BR Almere Netherlands
Almere,KPN International,Almere,,Netherlands,Rondebeltweg 62 1329 BG Almere Netherlands
Almere Data Centre 2,Keppel Data Centres Germany Holding GmbH,Almere,,Netherlands,Rondebeltweg 62 1328BG Almere Netherlands
Amerfoort,Datahouse,Amerfoort,,Netherlands,Spaceshuttle 21 Amerfoort Netherlands
AMS1,Switch Datacenters,Amsterdam,,Netherlands,Lemelerbergweg 28 1101AH Amsterdam Netherlands
Amstel Business Park,Digital Realty Trust,Amsterdam,,Netherlands,H.J.E. Wenckebachweg 127 1096 AM Amsterdam Netherlands
Amsterdam,EdgeConneX,Schiphol-Rijk,Nebraska,Netherlands,Koolhovenlaan 12 1119 NE Schiphol-Rijk Netherlands
Amsterdam,Interoute,Schiphol-Rijk,New Hampshire,Netherlands,Koolhovenlaan 120 1119 NH Schiphol-Rijk Netherlands
Amsterdam,Ziggo,Amsterdam,,Netherlands,Kabelweg 51 Amsterdam Netherlands
Amsterdam,Switch Datacenters,Amsterdam,,Netherlands,Lemelerbergweg 28 1101 AH Amsterdam Netherlands
Amsterdam,INAP (Internap Corporation),877.843.7627,,Netherlands,Amsterdam Netherlands 877.843.7627
Amsterdam,Dimension Data,Amsterdam,,Netherlands,tbc Amsterdam Netherlands
Amsterdam,NIKHEF,Amsterdam,,Netherlands,Kruislaan 409 1097 EC Amsterdam Netherlands
Amsterdam,WideXS,Amsterdam,,Netherlands,Gyroscoopweg 54 1042AC Amsterdam Netherlands
Amsterdam,Liander,Amsterdam,,Netherlands,Spaklerweg 20a gebouw E 1096 BA Amsterdam Netherlands
Amsterdam,Databarn,Amsterdam,,Netherlands,Zekeringstraat 35 1014BV Amsterdam Netherlands
Amsterdam,BT Global Services,Amsterdam,,Netherlands,Nieuwe Hemweg 6p 1013 Amsterdam Netherlands
Amsterdam,Pink Roccade,Amsterdam,,Netherlands,Paalbergweg 1-3 Amsterdam Netherlands
Amsterdam,eFolder,Amsterdam,,Netherlands,tbc Amsterdam Netherlands
Amsterdam,GoDaddy,Amsterdam,,Netherlands,H.J.E. Wenckebachweg 127 1096 AM Amsterdam Netherlands
Amsterdam,Viatel,Amsterdam,,Netherlands,Schipluidenlaan 6 1062 EB Amsterdam Netherlands
Amsterdam,Digital Ocean,Amsterdam,,Netherlands,tbc Amsterdam Netherlands
Amsterdam,PLANT hosting & co-location,Amsterdam,,Netherlands,Science Park 140 1098 XG Amsterdam Netherlands
Amsterdam,Atos,Amsterdam,,Netherlands,"Voorheen Teleinfo, Naritaweg 50-52 Amsterdam Netherlands"
Amsterdam,Criteo,Amsterdam,,Netherlands,tbc Amsterdam Netherlands
Amsterdam,SoftLayer Technologies (IBM Cloud),Amsterdam,,Netherlands,tbc Amsterdam Netherlands
Amsterdam,CoolWave Communications BV,Amsterdam,,Netherlands,Nieuwe Hemweg 26 1013 CX Amsterdam Netherlands
Amsterdam,Perigon Networks,Amsterdam,,Netherlands,tbc Amsterdam Netherlands
Amsterdam,euNetworks,Amsterdam,,Netherlands,Paul van Vlissingenstraat 16 1096BK Amsterdam Netherlands
Amsterdam,Eweka Internet Services,Amsterdam,Alabama,Netherlands,Westhavenweg 60B 1042 AL Amsterdam Netherlands
Amsterdam,Global Switch,Amsterdam,,Netherlands,Johan Huizingalaan 759 1066 VH Amsterdam Netherlands
Amsterdam,Getronics,Zuid-Oost,,Netherlands,Paalbergweg 1-3 1105 AG Amsterdam Zuid-Oost Netherlands
Amsterdam,e-shelter services GmbH,Rozenburg,,Netherlands,Rijkerdreef Rozenburg Netherlands
Amsterdam,Vancis,Amsterdam,,Netherlands,Science Park 140 1098 Amsterdam Netherlands
Amsterdam,EdgeConneX,1119,Nebraska,Netherlands,Koolhovenlaan 12 1119 NE Schiphol-Rijk Nederland
Amsterdam,Brookfield Infrastructure Partners LP,Amsterdam,,Netherlands,Johan Huizingalaan 759 1066 VH Amsterdam Netherlands
Amsterdam,maincubes b.v.,NR,,Netherlands,Capronilaan 2 1119 NR Schiphol-Rijk Nederland
Amsterdam,ASPHostPortal.com Web Services,Amsterdam,,Netherlands,Paul van Vlissingenstraat 1096 Amsterdam Netherlands
Amsterdam (J.W. Lucasweg),Iron Mountain,Haarlem,,Netherlands,J.W. Lucasweg 35 2031 BE Haarlem Netherlands
Amsterdam 1,Interxion,Amsterdam,,Netherlands,Gyroscoopweg 58-60 1042 AC Amsterdam Netherlands
Amsterdam 1,CenturyLink,Amsterdam,,Netherlands,Stekkenbergweg 4 1105AJ Amsterdam Netherlands
Amsterdam 10,Interxion,Schiphol-Rijk,,Netherlands,Pudongweg 1436 Schiphol-Rijk Netherlands
Amsterdam 2,Interxion,Amsterdam,,Netherlands,Gyroscoopweg 72 1042 AC Amsterdam Netherlands
Amsterdam 2,Getronics,Amsterdam,,Netherlands,Gyroscoopweg 2N 1042 Amsterdam Netherlands
Amsterdam 2,CenturyLink,Amsterdam,,Netherlands,Joop Geesinkweg 401-404 1096 AX Amsterdam Netherlands
Amsterdam 2,Digital Ocean,Amsterdam,,Netherlands,tbc Amsterdam Netherlands
Amsterdam 3,Interxion,Schiphol-Rijk,New Jersey,Netherlands,Cessnalaan 1-33 1119 NJ Schiphol-Rijk Netherlands
Amsterdam 4,Interxion,Amsterdam,,Netherlands,Gyroscoopweg 58-60 1042 AC Amsterdam Netherlands
Amsterdam 5,Interxion,Schiphol-Rijk,,Netherlands,Tupolevlaan 101 1119 PA Schiphol-Rijk Netherlands
Amsterdam 6,Interxion,Schiphol-Rijk,New Brunswick,Netherlands,Koolhovenlaan 25 1119 NB Schiphol-Rijk Netherlands
Amsterdam 7,Interxion,Schiphol-Rijk,Newfoundland and Labrador,Netherlands,Cessnalaan 50 1119 NL Schiphol-Rijk Netherlands
Amsterdam 8,Interxion,Schiphol-Rijk,,Netherlands,Pudongweg 37 1437 EM Schiphol-Rijk Netherlands
Amsterdam Science Park 120,Digital Realty Trust,Amsterdam,,Netherlands,Amsterdam Science Park 120 1098 SJ Amsterdam Netherlands
Amsterdam South East,Colt,Amsterdam,,Netherlands,Van der Madeweg 14A 1099 BT Amsterdam Netherlands
Amsterdam-1,Tele2,Amsterdam,,Netherlands,Paalbergweg 36 1105 BV Amsterdam Netherlands
"Amsterdam-2, Gyrocenter",Tele2,Amsterdam,,Netherlands,Gyroscoopweg 2 1042AZ Amsterdam Netherlands
Apeldoorn,Computel Standby BV,Apeldoorn,,Netherlands,Schumanpark 29-31 7336 AM Apeldoorn Netherlands
Apeldoorn,Getronics,Apeldoorn,,Netherlands,Fauststraat 1 7323 BA Apeldoorn Netherlands
Apeldoorn,Solcon Internetdiensten B.V.,Apeldoorn,,Netherlands,Laan van de Ram 39 7324 BW Apeldoorn Netherlands
Apeldoorn,ITB2 Datacenters,Apeldoorn,,Netherlands,Grote Woudhuis 5 7325 WM Apeldoorn Netherlands
Arnhem,Akzo Nobel,Arnhem,,Netherlands,Tivolilaan 205 6824 BV Arnhem Netherlands
Arnhem - Kleefsewaard,Dataplace,Arnhem,,Netherlands,Westervoortsedijk 73 6827 AV Arnhem Netherlands
atom86 / Schuberg Philis,atom86,Schiphol-Rijk,,Netherlands,Boeing Avenue 271 1119 PD Schiphol-Rijk Netherlands
Bardeen Datahotel,Bardeen,Groningen,,Netherlands,Winschoterdiep 50 9723AB Groningen Netherlands
Benelux,Claranet,Son,,Netherlands,Science Park Eindhoven 5630 5692 EN Son Netherlands
BIT-1,BIT,BV,,Netherlands,Kelvinstraat 63 6716 BV Ede Nederland
BIT-2A,BIT,BP,,Netherlands,Galileïlaan 19 6716 BP Ede Nederland
BIT-2B,BIT,BP,,Netherlands,Galileïlaan 19 6716 BP Ede Nederland
BIT-2C,BIT,BP,,Netherlands,Galileïlaan 19 6716 BP Ede Nederland
BIT-2D,BIT,BK,,Netherlands,Galileïlaan 19 6716 BK Ede Nederland
Blue Nap Americas,Blue Nap Americas,Curacao,,Netherlands,Seru Mahuma z/n 00000 Curacao Netherlands Antilles
Boxtel,Rabobank,Boxtel,,Netherlands,"Bedrijventerrein Vorst, Bloemmolen 2 Boxtel Netherlands"
Breda,Concepts ICT Holding B.V.,Breda,,Netherlands,St. Ignatiusstraat 265 4817 KK Breda Netherlands
Breda,Axit (@Xit),Breda,,Netherlands,Takkebijsters 9b 4817 BL Breda Netherlands
Capelle a/d Ijssel,InterBox Internet,IJssel,,Netherlands,Venkelbaan 58 2908 KE Capelle a/d IJssel Netherlands
Capgemini Service SAS,CapGemini,Amsterdam,,Netherlands,Archangelkade 1 1013 BE Amsterdam Netherlands
Cateringweg 5,Digital Realty Trust,Schiphol,,Netherlands,Cateringweg 5 1118 AM Schiphol Netherlands
Cellnex,JHJC Kort,GP,,Netherlands,Koos Postemalaan 1217 GP Hilversum Nederland
Coevorden,Muller & Associates,Coevorden,,Netherlands,Europaweg 2 7742 PN Coevorden Netherlands
Coevorden,I-Datacenter,Coevorden,,Netherlands,Monierweg 9 7741 KV Coevorden Netherlands
Computel Standby Apeldoorn,Computel,Apeldoorn,,Netherlands,Schumanpark 29 7336 AM Apeldoorn Netherlands
Cybercentre Almere,VolkerWessels,Almere,,Netherlands,Braakmankreek 19 1316 Almere Netherlands
CYMTV,CYMTV,LR,,Netherlands,Zebrastraat 9 3064 LR Rotterdam Nederland
Data Hotel Groningen,TCN Data Hotels,Groningen,,Netherlands,Zernikelaan 16 9747 AA Groningen Netherlands
Databarn Rivium B.V,Databarn Rivium B.V,LK,,Netherlands,Rivium Boulevard 62 2909 LK Capelle aan den IJssel Nederland
Datacenter Alphen aan den Rijn,Alticom,Rijn,,Netherlands,Energieweg 4 2404 HE Alphen aan den Rijn Netherlands
Datacenter Amsterdam,KPN International,Amsterdam,,Netherlands,Paalbergweg 1-3 1105 AG Amsterdam Netherlands
Datacenter Amsterdam,Alticom,Amsterdam,,Netherlands,Barbara Strozzilaan 251 1083 HN Amsterdam Netherlands
Datacenter Coltbaan,Mariaplaats C.V.,Nieuwegein,,Netherlands,Coltbaan 2 3439 NG Nieuwegein Netherlands
Datacenter Den Haag,Alticom,Haag,,Netherlands,Louise Henriëttestraat 385 2595 BK Den Haag Netherlands
Datacenter Dongen,Match-IT.NET C.V.,Dongen,,Netherlands,De Slof 10C 5107RJ Dongen Netherlands
Datacenter Eys,Alticom,Eys,Nebraska,Netherlands,Eyserbosweg 27 6287 NE Eys Netherlands
DataCenter Fryslân 01,Datacenter Fryslan,Leeuwarden,British Columbia,Netherlands,François HaverSchmidtwei 3 8914 BC Leeuwarden Netherlands
DataCenter Fryslân 02,Datacenter Fryslan,Leeuwarden,Alaska,Netherlands,Archimedesweg 3 8912 AK Leeuwarden Netherlands
Datacenter Gemert,Alticom,Gemert),,Netherlands,Hemelsbleekweg 15 5425 PB De Mortel (gemeente Gemert) Netherlands
Datacenter Goes,Alticom,Goes,Alaska,Netherlands,Cornelisweg 10 4463 AK Goes Netherlands
Datacenter Groningen,Datacenter Groningen,Zuidbroek,,Netherlands,Beneluxweg 4 9636 HV Zuidbroek Netherlands
DataCenter Groningen,DataCenter Groningen,Zuidbroek,,Netherlands,Beneluxweg 22 9636HV Zuidbroek Netherlands
Datacenter Groningen,Bytesnet BV,Groningen,,Netherlands,Friesestraatweg 219 9743 AD Groningen Netherlands
Datacenter Haarlem,Alticom,Haarlem,,Netherlands,A. Hofmanweg 1 2031 BH Haarlem Netherlands
Datacenter Hilversum,Alticom,Hilversum,,Netherlands,Witte kruislaan 47A 1217AM Hilversum Netherlands
Datacenter Hoogersmilde,Alticom,Hoogersmilde,,Netherlands,Van veenstraat 9423 VB Hoogersmilde Netherlands
Datacenter IJsselstein,Alticom,IJsselstein,,Netherlands,Hogebiezendijk 21 3401 RS IJsselstein Netherlands
Datacenter Ittervoort,Alticom,Ittervoort,,Netherlands,Hunsel/Branskamp 16 6014 CB Ittervoort Netherlands
Datacenter Lelystad,Alticom,Lelystad,,Netherlands,Oostvaardersdijk 2 8244 PA Lelystad Netherlands
Datacenter Loon op Zand,Alticom,Zand,,Netherlands,Finantien 4 5175 NW Loon op Zand Netherlands
Datacenter Maastricht,Alticom,Maastricht,,Netherlands,Trichterbaan 170 6215 XZ Maastricht Netherlands
Datacenter Markelo,Alticom,Markelo,,Netherlands,Larenseweg 58 7475 PX Markelo Netherlands
Datacenter Megen,Alticom,Megen,,Netherlands,Ravensteinsedijk 2A 5368 LB Megen Netherlands
Datacenter Mierlo,Alticom,Mierlo,,Netherlands,Torenweg 1 5731 CJ Mierlo Netherlands
Datacenter Nedzone,Datacenter Nedzone,Steenbergen,,Netherlands,Drukkerij 6 4651 SL Steenbergen Netherlands
Datacenter Roermond,Alticom,Roermond,,Netherlands,Op de meuleberg 7 6041 NK Roermond Netherlands
Datacenter Roosendaal,Alticom,Roosendaal,,Netherlands,Melis stokelaan 4707 HP Roosendaal Netherlands
Datacenter Rotterdam,Bytesnet BV,Rotterdam,,Netherlands,Schuttevaerweg 48 3044 BB Rotterdam Netherlands
Datacenter Rotterdam,Alticom,Rotterdam,,Netherlands,Anthonetta Kuijlstraat 40 3066 GS Rotterdam Netherlands
Datacenter Tjerkgaast,Alticom,Tjerkgaast,,Netherlands,Gaestdyk 3 8522 MV Tjerkgaast Netherlands
Datacenter Ugchelen,Alticom,Ugchelen,,Netherlands,Otterloseweg 110 a/p 7339 GZ Ugchelen Netherlands
Datacenter Wormer,Alticom,Wormer,Maine,Netherlands,Eenhoornweg 1 1531 ME Wormer Netherlands
Datacenter Zwolle,Alticom,Zwolle,,Netherlands,Bergkloosterweg 62 8034 PP Zwolle Netherlands
Datacenter.com AMS1,Datacenter.com,Amsterdam-Zuidoost,,Netherlands,Keienbergweg 22 1101 GB Amsterdam-Zuidoost Netherlands
DataPlace,ProServe,Alblasserdam,,Netherlands,Van Coulsterweg 6 2952 Alblasserdam Netherlands
Dataplace Arnhem,Dataplace,Arnhem,,Netherlands,Tivolilaan 251 6824 BV Arnhem Netherlands
Dataplace Brabant,Dataplace,RA,,Netherlands,Gragtmansstraat 1B 5145 RA Waalwijk Nederland
Dataplace Rotterdam,Dataplace,Alblasserdam,,Netherlands,Van Coulsterweg 6 2952 Alblasserdam Netherlands
Dataplace Utrecht,Dataplace,BE,,Netherlands,Kon. Wilhelminaweg 471 3737 BE Groenekan Nederland
DC Schiecentrale,Intermax Managed Hosting,Rotterdam,,Netherlands,Weena Zuid 108 3012NC Rotterdam Netherlands
DC Weena,Intermax Managed Hosting,Rotterdam,,Netherlands,Weena Zuid 108 3012 NC Rotterdam Netherlands
DC2,XS4ALL Internet B.V.,Amsterdam,,Netherlands,Drentestraat 12 1083 HK Amsterdam Netherlands
De President Business Park,Digital Realty Trust,Hoofddorp,,Netherlands,"De President Business Park, Jan Wijsmullerdreef 10, Hoofddorp 2132 PW Hoofddorp Netherlands"
Den Bosch,Tele2,Bosch,,Netherlands,Australielaan 16 5232 BB Den Bosch Netherlands
Den Bosch,Interconnect Services BV,'s-Hertogenbosch,Maine,Netherlands,De Steenbok 1 5215 ME 's-Hertogenbosch Netherlands
Den Haag,ColoHouse,Haag,,Netherlands,Moezel 3 Den Haag Netherlands
Den Helder,DHData,Den,,Netherlands,Ravelijncenter 23 1785LX Den Helder Netherlands
Deventer,Green Data Systems,Deventer,,Netherlands,Rigastraat 18 7418 EW Deventer Netherlands
Deventer,ITB2 Datacenters,Deventer,,Netherlands,Herfordstraat 18 7418 EX Deventer Netherlands
DH Alkmaar,Datacenter Noord Holland,Alkmaar,,Netherlands,Prof van der Waalstraat 1 1821 BT Alkmaar Netherlands
Doetinchem,ISP Services (CleanPort BV),Doetinchem,,Netherlands,Gildenbroederslaan 1 7005 BM Doetinchem Netherlands
Doetinchem,ISP Services (CleanPort BV),Doetinchem,,Netherlands,Gildenbroederslaan 1 7005 BM Doetinchem Netherlands
Dronten,Serverius datacenter DC1,Dronten,,Netherlands,De Linge 26 8253 PJ Dronten Netherlands
E-Commerce Park,E-Commerce Park N.V.,Antilles,,Netherlands,E-Zone Vredenberg Curacao Netherlands Antilles
e-Quest,e-Quest,Helmond,,Netherlands,Schootense Dreef 5708 Helmond Nederland
E-Zone Vredenberg,E-Commerce Park N.V.,Antilles,,Netherlands,"Hoek Heelsumstraat/Rotterdamweg, Heelsumstraat Saliña Netherlands Antilles"
Eemshaven,NxtVN,Eemshaven,,Netherlands,9979 Eemshaven Netherlands info@nxtvn.com
Eemshaven,Google,Eemshaven,,Netherlands,Weg Spijk-Eemshaven Eemshaven Netherlands
Eemshaven,Google,TA,,Netherlands,Oostpolder 4 9909 TA Eemshaven Nederland
Eindhoven,Interconnect Services BV,Eindhoven,,Netherlands,Park Forum 1041 5657 HJ Eindhoven Netherlands
Eindhoven,Atos,Eindhoven,,Netherlands,Tarasconweg 2 Eindhoven Netherlands
Eindhoven,Eindhoven Fiber Exchange (EFX),Eindhoven,,Netherlands,"Gebouw Laplace, Den Dolech 2 5612 AZ Eindhoven Netherlands"
Eindhoven,BT Global Services,Eindhoven,,Netherlands,Fuutlaan 6 5613 Eindhoven Netherlands
Eindhoven,Novadata,Eindhoven,,Netherlands,Esp 401 5633 AJ Eindhoven Netherlands
Eindhoven,Vodafone Netherlands,Son,,Netherlands,Ekkersrijt 4401 5633 AA Son Netherlands
Eindhoven,KPN International,Eindhoven,,Netherlands,High Tech Campus 53 5656 AE Eindhoven Netherlands
EKC Limmel,Progressix,Maastricht,Connecticut,Netherlands,Populierweg 150 6222 CT Maastricht Netherlands
Emango Internet Services BV,Emango Datacenter,Schinnen,,Netherlands,Breinder 24 6365 CX Schinnen Netherlands
Enertel Amsterdam (Aalsmeer),Enertel,Aalsmeer,,Netherlands,Lakenbleker Straat 13 Aalsmeer Netherlands
ENGIE Datacenter Maastricht,ENGIE Services,Maastricht-Airport,,Netherlands,Amerikalaan 35 6199 AE Maastricht-Airport Netherlands
Equinix AM2,Equinix,Amsterdam,,Netherlands,Luttenbergweg 4 1101 EC Amsterdam Netherlands
Equinix AM3,Equinix,Amsterdam,,Netherlands,Science Park 610 1098 XH Amsterdam Netherlands
Equinix AM4,Equinix,Amsterdam,,Netherlands,Science Park 610 1098 Amsterdam Netherlands
Equinix AM4,Equinix,XH,,Netherlands,Science Park 610 1098 XH Amsterdam Nederland
Equinix AM5,Equinix,Amsterdam,,Netherlands,Schepenbergweg 42 1105AT Amsterdam Netherlands
Equinix AM6,Equinix,Amsterdam,,Netherlands,Duivendrechtsekade 80A 1096AH Amsterdam Netherlands
Equinix AM7,Equinix,Amsterdam,,Netherlands,Kuiperbergweg 13 1101 AE Amsterdam Netherlands
Equinix EN1,Equinix,Enschede,Prince Edward Island,Netherlands,Auke Vleerstraat 1 7521 PE Enschede Netherlands
Equinix ZW1,Equinix,Zwolle,,Netherlands,Telfordstraat 3 8013 RL Zwolle Netherlands
Equinix  AM1,Equinix,Amsterdam,,Netherlands,Luttenbergweg 4 1101EC Amsterdam Netherlands
Eurofiber Datacenter Utrecht,Eurofiber,Groenekan,,Netherlands,Koningin Wilhelminaweg 471 3737 BE Groenekan Netherlands
Geleen,Data Exchange Europe BV,Geleen,Arkansas,Netherlands,Hofstraat 2A 6161 AR Geleen Netherlands
Global-e Datacenter,Global-e Datacenter bv,Rijen,,Netherlands,Haansbergseweg 12 5121 LJ Rijen Netherlands
Global-e Datacenter,Global-e Datacenter,LJ,,Netherlands,Haansbergseweg 12 5121 LJ Rijen Nederland
GLOBE Datacenter,GLOBE Datacenter B.V.,LX,,Netherlands,Ravelijncenter 23 1785 LX Den Helder Nederland
Goes,ZeelandNet,Goes,,Netherlands,Jenny Wijermanweg 24 4462 GB Goes Netherlands
Goes/Kloetingen,CyberBunker,Goes,,Netherlands,"Zomerweg, Kloetinge/ Oranjeweg Goes Netherlands"
GrafiX Internet B.V. - Alphen,GrafiX Internet BV,Rijn,,Netherlands,Handelsweg 8 Alphen aan den Rijn Netherlands
GrafiX Internet B.V. - Capelle,GrafiX Internet BV,Capelle,,Netherlands,Stationsplein 20 2907MJ Capelle aan den IJssel Netherlands
Groningen,Bardeen Datahotel,Groningen,Alberta,Netherlands,Winschoterdiep 50 9723 AB Groningen Netherlands
Groningen,University of Groningen,Groningen,,Netherlands,"Rekenhal, Landleven 1 Groningen Netherlands"
Groningen,KPN International,Groningen,,Netherlands,Liverpoolweg 9744 TW Groningen Netherlands
Groningen 2,University of Groningen,Groningen,,Netherlands,"Zernikeborg, Nettelbosje 1 Groningen Netherlands"
Gyro Datacenter DC1,GYRO DC Holding BV,Amsterdam,,Netherlands,Gyroscoopweg 134 1042AZ Amsterdam Netherlands
Gyrocenter DC2,Gyrocenter,Amsterdam,,Netherlands,Gyroscoopweg 134-140 Amsterdam Netherlands
Gyrocenter DC2,GYRO DC Holding BV,Amsterdam,,Netherlands,Gyroscoopweg 134 1042AZ Amsterdam Netherlands
Gyroscoopweg 2E-2F,Digital Realty Trust,Amsterdam,Alberta,Netherlands,Gyroscoopweg 2E-2F 1042 AB Amsterdam Netherlands
Haagse vierkante kilometer,SSC-ICT,Rijswijk,,Netherlands,Plaspoelpolder Rijswijk Netherlands
Haarlem,Getronics,Haarlem,,Netherlands,A. Hofmanweg 1 2031 BH Haarlem Netherlands
Halfweg,euNetworks,Halfweg,,Netherlands,Haarlemmerstraatweg 133-135 1165 NK Halfweg Netherlands
Halfweg (Haarlemmerstraatweg),Cogent Communications Inc.,Halfweg,,Netherlands,Haarlemmerstraatweg 133-135 1165 MK Halfweg Netherlands
Hardinxveld-Giessendam,Nedcomp,Hardinxveld-Giessendam,,Netherlands,Ambachtstraat 1c-d 3371 XA Hardinxveld-Giessendam Netherlands
Heerlen,SmartDC B.V.,Heerlen,,Netherlands,Kloosterweg 1 6412 Heerlen Netherlands
Heerlen,Getronics,Heerlen,,Netherlands,Geerstraat 121 6411 NP Heerlen Netherlands
Heerlen,Gemeente Heerlen,Heerlen,,Netherlands,Raadhuisplein 1 6411 Heerlen Netherlands
Helmond,e-Quest,Helmond,,Netherlands,Schootense Dreef 26 5708HZ Helmond Netherlands
Helmond DC1,Superior,Helmond,,Netherlands,Schootense Dreef 22a 5708 HZ Helmond Netherlands
Helmond DC2,Superior,Helmond,,Netherlands,Schootense Dreef 22a 5708 HZ Helmond Netherlands
Hoofddorp,Shopvizier,Hoofddorp,Newfoundland and Labrador,Netherlands,Rijnlanderweg 736 2132 NL Hoofddorp Netherlands
Houten,ITDev Solutions,Houten,,Netherlands,Het rond 30 3995DJ Houten Netherlands
InterDC Enschede Marssteden,InterDC,TD,,Netherlands,Marssteden 110 7547 TD Enschede Nederland
InterDC Hengelo,InterDC,KW,,Netherlands,Sherwood Rangers 1 7551 KW Hengelo Nederland
Iron Mountain Amsterdam Data Center,iron mountain,Haarlem,,Netherlands,J.W. Lucasweg 35 2031 BG Haarlem Netherlands
Josinkstraat 30,InterDC,Enschede,,Netherlands,Josinkstraat 30 7547AB Enschede Netherlands
Kamperland,ZeelandNet,Kamperland,,Netherlands,Het Rip 9 4493RL Kamperland Netherlands
Kloetinge,Bunkerinfra Datacenters,Kloetinge,,Netherlands,Zomerweg 0 4481 CA Kloetinge Netherlands
KPN CyberCenterAmsterdam (Oude Meer),Getronics,Schiphol-Rijk,,Netherlands,Fokkerweg 300 1438 AN Schiphol-Rijk Netherlands
Leidschenveen,Vodafone Netherlands,Leidschenveen,,Netherlands,Tiber 48 2267 CD Leidschenveen Netherlands
Lelystad,Getronics,Lelystad,,Netherlands,Botter15 90 8232 JR Lelystad Netherlands
Lelystad,Tennet,Lelystad,,Netherlands,"Meanderplein 1, (kruising IJsselmeerdijk 100) Lelystad Netherlands"
Liverpoolweg 10,Digital Realty Trust,Groningen,,Netherlands,Liverpoolweg 10 9744 Groningen Netherlands
"Louwsmeer, Tytjerk",Tennet,Tytjerk,,Netherlands,Rustenburgweg 1a 110kV Tytjerk Netherlands
Luna.nl Rotterdam Puntegale,Luna.nl,Rotterdam,,Netherlands,Puntegaalstraat 109 3024EB Rotterdam Netherlands
Maasbracht,Tennet,Maasbracht,,Netherlands,Broekstraat Maasbracht Netherlands
Maasdijk,Worldstream,Maasdijk,,Netherlands,Honderdland 111F 2676 LT Maasdijk Netherlands
Meppel,Evinova,Meppel,,Netherlands,Ketelskamp 10 7942KG Meppel Netherlands
Middenmeer,Microsoft,Middenmeer,,Netherlands,Agriport 601 1775TK Middenmeer Netherlands
Middenmeer,Microsoft,TK,,Netherlands,Agriport 601 1775 TK Middenmeer Nederland
Naaldwijk,Greenhouse Datacenters B.V.,Naaldwijk,Connecticut,Netherlands,Industriestraat 24 2671 CT Naaldwijk Netherlands
NAP of Amsterdam,Terremark,Amsterdam,,Netherlands,Cateringweg 5 Amsterdam Netherlands
Naritaweg 52,Digital Realty Trust,Amsterdam,,Netherlands,Naritaweg 52 1043 BZ Amsterdam Netherlands
NDIX Marktplaats Heerlen,NDIX bv,Heerlen,,Netherlands,Geleenstraat 25-27 Heerlen Netherlands
Nieuwegein,BT Global Services,Nieuwegein,,Netherlands,Frieslandhaven 15 Nieuwegein Netherlands
Nijmegen,Digital Residence BV,Nijmegen,Alberta,Netherlands,Jonkerbosplein 52 6534 AB Nijmegen Netherlands
Nikhef Amsterdam,NIKHEF,Amsterdam,,Netherlands,Science Park 105 1098 XG Amsterdam Netherlands
NLDC Datacenter Amsterdam 1 (Oude Meer),NLDC,Meer,,Netherlands,Fokkerweg 300 1438 AN Oude Meer Netherlands
NLDC Datacenter Amsterdam 2 (Aalsmeer),NLDC,Aalsmeer,,Netherlands,Lakenblekerstraat 13 1431 GE Aalsmeer Netherlands
NLDC Datacenter Amsterdam 3 (Almere),NLDC,Almere,,Netherlands,Rondebeltweg 62 1329 BG Almere Netherlands
NLDC Datacenter Eindhoven,NLDC,Eindhoven,,Netherlands,High Tech Campus 53 5656 AG Eindhoven Netherlands
NLDC Datacenter Groningen,NLDC,Groningen,,Netherlands,Liverpoolweg 10 9744 TW Groningen Netherlands
NLDC Datacenter Rotterdam,NLDC,Rotterdam,,Netherlands,Anthony Fokkerweg 40 3088GG Rotterdam Netherlands
NorthC Amsterdam,NorthC Datacenters,Amsterdam,,Netherlands,Kabelweg 48a 1014BB Amsterdam Netherlands
NorthC Delft,NorthC Datacenters,Delft,,Netherlands,Heertjeslaan 1 2629JD Delft Netherlands
NorthC Nieuwegein,NorthC Datacenters,Nieuwegein,Prince Edward Island,Netherlands,Groningenhaven 26 3433 PE Nieuwegein Netherlands
NorthC Rotterdam Zestienhoven,NorthC Datacenters,Rotterdam,,Netherlands,Tempelhof 5 3045 PV Rotterdam Netherlands
Oegstgeest,Bunkerinfra Datacenters,Oegstgeest,,Netherlands,Kwaaklaan 1 Oegstgeest Netherlands
Oosterbeek,BT Global Services,Oosterbeek,,Netherlands,Prins Bernhardweg 2a 6862 Oosterbeek Netherlands
Oude Meer,KPN International,Meer,,Netherlands,Fokkerweg 300 1438 AN Oude Meer Netherlands
Parthernon 1,Parthenon Data Centres,Wieringerwerf,,Netherlands,Medemblikkerweg 37 1771 SE Wieringerwerf Netherlands
Paul van Vlissingenstraat 16,Digital Realty Trust,Amsterdam,,Netherlands,Paul van Vlissingenstraat 16 1096 BK Amsterdam Netherlands
Previder PDC1,Previder,Hengelo,,Netherlands,Expolaan 50 7556 BE Hengelo Netherlands
Previder PDC2,Previder,Hengelo,,Netherlands,Barnsteenstraat 15 7554TC Hengelo Netherlands
Rijen,Global Datacenter,Rijen,,Netherlands,Haansbergseweg 12 5121 LJ Rijen Netherlands
Rijswijk/Den Haag,Tele2,Haag,,Netherlands,Van Gijnstraat 26 2288 GB Den Haag Netherlands
Rivium,Databarn,IJssel,,Netherlands,Rivium Boulevard 62 2909 LK Capelle a/d IJssel Netherlands
Roermond,ENNE Solutions,Roermond,Nevada,Netherlands,Westhoven 6 6042 NV Roermond Netherlands
Roosendaal,Hewlett Packard (HP),Roosendaal,,Netherlands,tbc Roosendaal Netherlands
Rotterdam,Colt,Roosendaal,,Netherlands,Argonweg 4706 Roosendaal Netherlands
Rotterdam,De Spaanse Kubus,Rotterdam,,Netherlands,Vlaardingweg 62 Rotterdam Netherlands
Rotterdam,Infopact Network Solutions,Rotterdam,,Netherlands,Vlaardingweg 62 3044CK Rotterdam Netherlands
Rotterdam,Schiecentrale,Rotterdam,,Netherlands,Lloydstraat 5 3024 EA Rotterdam Netherlands
Rotterdam,BT Global Services,Rotterdam,,Netherlands,Tempelhof 5-10 3045 Rotterdam Netherlands
Rotterdam 1,SmartDC B.V.,3044,British Columbia,Netherlands,Van Nelleweg 1 3044 BC Rotterdam Nederland
SARA Almere,SURFsara,Almere,,Netherlands,Randstad 22153 1316 BM Almere Netherlands
SARA Amsterdam,SURFsara,Amsterdam,,Netherlands,Kruislaan 415 1098 SJ Amsterdam Netherlands
Schuberg Philis Amsterdam (Schiphol Rijk),Schuberg Philis,Schiphol-Rijk,,Netherlands,Boeingavenue 271 1119 PD Schiphol-Rijk Netherlands
Science Park,Interxion,Amsterdam,,Netherlands,Science Park 121 1098 XG Amsterdam Netherlands
Serverius SDC1,Serverius datacenters,Dronten,,Netherlands,De Linge 28 8253 PJ Dronten Netherlands
Serverius SDC2,Serverius datacenters,Meppel,,Netherlands,Ketelskamp 10 7942 KG Meppel Netherlands
Serverius SDC3,Serverius datacenters,Apeldoorn,,Netherlands,Laan van de Ram 39 7324 BW Apeldoorn Netherlands
Signet DC1,SIGNET,Son,,Netherlands,Science Park Eindhoven 5218 5692EG Son Netherlands
Sittard,Unilogic Networks B.V.,Sittard,,Netherlands,Bergerweg 110 6135KD Sittard Netherlands
Sittard-Geleen,Cegeka,Sittard-Geleen,,Netherlands,tbc Sittard-Geleen Netherlands
SkyLink Data Center,SkyLink Data Center GmbH,Eygelshoven,West Virginia,Netherlands,Bart van Slobbestraat 16 6471 WV Eygelshoven Netherlands
Solcon Datacenter Dronten,Solcon Internetdiensten B.V.,Dronten,,Netherlands,8253PD Dronten Netherlands 088-0032222
Spaanse Kubus,We Dare BV,Rotterdam,,Netherlands,Vlaardingweg 62 3044CK Rotterdam Netherlands
Spijkenisse,Data Facilities,Spijkenisse,,Netherlands,Boyleweg 2 3208 KA Spijkenisse Netherlands
Systemec Data Centers,Systemec Data Centers,Venlo,,Netherlands,Marinus Dammeweg 25 5928 PW Venlo Netherlands
TCN Data Hotel Eemshaven,TCN Data Hotels,Eemshaven,,Netherlands,Huibertgatweg 2 9979 Eemshaven Netherlands
Telecom DC Franeker,PowerXS,Franeker,,Netherlands,Oostelijke Industrieweg 4B 8801JW Franeker Netherlands
The Hague,Data Facilities,Hague,,Netherlands,Moezel 3 2491 CV The Hague Netherlands
Tilburg,NBrIX,Tilburg,,Netherlands,Professor Verbernelaan 35 5037 AD Tilburg Netherlands
UNET Almere,Unet,Almere,,Netherlands,Transistorstraat 7c 1322 CJ Almere Netherlands
Utrecht,CapGemini,Utrecht,,Netherlands,Daltonlaan 300 Utrecht Netherlands
Utrecht,Tele2,Utrecht,,Netherlands,Niels Bohrweg 135 3542 CA Utrecht Netherlands
Utrecht,RAM Infotechnology,Utrecht,,Netherlands,Ptolemaeuslaan 69 3538 BR Utrecht Netherlands
Utrecht,Dataplace,Groenekan,,Netherlands,Kon. Wilhelminaweg 471 3737 BE Groenekan Netherlands
Venlo,Fontys Hogeschool,Venlo,,Netherlands,Hulsterweg 2 5912 PL Venlo Netherlands
Venlo,Tele2,Venlo,,Netherlands,Van Coehoornstraat 8 5916 PH Venlo Netherlands
Venlo,Intersquare,Venlo,,Netherlands,1e Lambertusstraat 26 5921 JS Venlo Netherlands
Vierverlaten,Tennet,Hoogkerk,,Netherlands,Hoendiep 330 220kV Hoogkerk Netherlands
Waalwijk,Datacenter Brabant,Waalwijk,,Netherlands,Gragtmansstraat 1b 5145 RA Waalwijk Netherlands
WickedWay Utrecht,WickedWay,Utrecht,,Netherlands,Draaiweg Utrecht Netherlands
WideXS - G54,WideXS / ion-ip B.V.,Amsterdam,,Netherlands,Gyroscoopweg 54 1042 AC Amsterdam Netherlands
Woerden,Switch Datacenters,Woerden,,Netherlands,tbc Woerden Netherlands
Wolvega,TeDoc Web Management,Wolvega,,Netherlands,Kerkstraat 26 8471CD Wolvega Netherlands
Wormer,DataOne,Wormer,,Netherlands,Bruynvisweg 11 1531AX Wormer Netherlands
WRD1,Switch Datacenters,Woerden,,Netherlands,Polanerbaan 1 3447GN Woerden Netherlands
Zeewolde,Facebook,Zeewolde,,Netherlands,Trekkersveld 4 3899 BN Zeewolde Netherlands
Zoetermeer,ColoCenter bv,Zoetermeer,,Netherlands,Heliumstraat 200 2718RS Zoetermeer Netherlands
Zwolle,Tele2,Zwolle,,Netherlands,Popovstraat 5 a/b 8013 RK Zwolle Netherlands
Zwolle,BT Global Services,Zwolle,,Netherlands,George Stephensonstraat Zwolle Netherlands
Equinix  AM1,Equinix,,,Netherlands,
"3 Harbor View, Philipsburg",Open Caribbean Internet eXchange (OCIX),,,Netherlands Antilles,
E-Commerce Park,E-Commerce Park N.V.,,,Netherlands Antilles,
Blue Nap Americas,Blue Nap Americas,,,Netherlands Antilles,
E-Zone Vredenberg,E-Commerce Park N.V.,,,Netherlands Antilles,
Smartdc Heerlen (Performance Data Center),i3D.net,,,Netherlands,"Kloosterweg 1, 6412 CN Heerlen, Netherlands"
Eys data centre,Cellnext,,,Netherlands,"Eyserbosweg 27, Eys, Netherlands"
Heerlen Data Center 1,Smartdc,,,Netherlands,"Kloosterweg 1, 6412 CN Heerlen, The Netherlands"
West Europe-Netherlands,Microsoft Azure,,,Netherlands,"Evert van de Beekstraat 354, 1118 CZ Luchthaven Schiphol, Noord-Holland, Netherlands"
Netherlands Data Center,11:11 Systems,,,Netherlands,"Cessnalaan 50, 1119 NL Schiphol-Rijk, Netherlands"
Netherlands Northwest eu-amsterdam-1,Oracle,,,Netherlands,"Amsterdam, Netherlands"
Middenmeer - The Netherlands,Microsoft Azure,,,Netherlands,"Cultuurweg 11, 1775 RA Middenmeer, The Netherlands"
AM4 Amsterdam IBX Data Center,Equinix,,,Netherlands,"Science Park 610, Amsterdam, Netherlands"
"Eemshaven, Netherlands Data Center",Google,,,Netherlands,"Eemshaven, 9909 TA Eemshaven, Netherlands"
"AMS03 Amsterdam, Netherlands",IBM Cloud,,,Netherlands,"Johan Huizingalaan 765, 1066 VH Amsterdam, Netherlands"
"Middenmeer, Netherlands Data Center",Google,,,Netherlands,"Tussenweg 8, 1775 RK Middenmeer, Netherlands"
AMS-01 J.W. Lucasweg 35 Data Center,LeaseWeb,,,Netherlands,"J.W. Lucasweg 35, 2031 BE Haarlem, The Netherlands"
Westpoort Data Center,Google,,,Netherlands,"Westpoortboulevard, 9744 TD Groningen, The Netherlands"
AMS01 Amsterdam Data Center,EdgeConnex,,,Netherlands,"Koolhovenlaan 12, 1119 NE Schiphol-Rijk, Netherlands"
Amsterdam AMS5 Data Center,Digital Realty,,,Netherlands,"Tupolevlaan 101, 1119 PA Schiphol-Rijk, Netherlands"
Amsterdam AMS16 Data Center,Digital Realty,,,Netherlands,"President, Jan Wijsmullerdreef 4, 2132 PV Hoofddorp, NH, Netherlands"
Amsterdam AMS17 Data Center,Digital Realty,,,Netherlands,"Science Park 121, 1098 XG Amsterdam, Netherlands"
Amsterdam AMS7 Data Center,Digital Realty,,,Netherlands,"Cessnalaan 50, Schiphol-Rijk, Netherlands"
AM3 Amsterdam IBX Data Center,Equinix,,,Netherlands,"Science Park 610, Amsterdam, Netherlands"
Winschoten Data Center,Google,,,Netherlands,"Hoogebrug, Winschoten, Netherlands"
Claranet Eindhoven Data Center,Claranet Ltd,,,Netherlands,"Summit, Flight Forum 840, 5657 DV Eindhoven, Netherlands"
Amsterdam AMS10 Data Center,Digital Realty,,,Netherlands,"Pudongweg 25, Aalsmeerderbrug, Netherlands"
AMS - 1 - Amsterdam Data Center,Iron Mountain Data Centers,,,Netherlands,"J.W. Lucasweg 35, Haarlem, Netherlands"
AM1 Amsterdam IBX Data Center,Equinix,,,Netherlands,"Luttenbergweg 4, Amsterdam, Netherlands"
Amsterdam 1 Data Center,NorthC,,,Netherlands,"Kabelweg 48a, 1014 BB Amsterdam, Netherlands"
Amsterdam West Data Center,Global Switch,,,Netherlands,"Johan Huizingalaan 759, 1066 VH Amsterdam, Netherlands"
AM5 Amsterdam IBX Data Center,Equinix,,,Netherlands,"Schepenbergweg 42, 1105 AT Amsterdam, Netherlands"
Amsterdam AMS3 Data Center,Digital Realty,,,Netherlands,"Cessnalaan 1-33, Schiphol-Rijk, Netherlands"
Amsterdam AMS18 Data Center,Digital Realty,,,Netherlands,"H.J.E. Wenckebachweg 127, Amsterdam, Netherlands"
AM2 Amsterdam IBX Data Center,Equinix,,,Netherlands,"Luttenbergweg 4, Amsterdam, Netherlands"
Connectivity Data Center,NikHef Housing,,,Netherlands,"Science Park 105, 1098 XG Amsterdam, Netherlands"
Amsterdam AMS-02 Data Center,LeaseWeb,,,Netherlands,"Capronilaan 2, 1119 NR Schiphol-Rijk, The Netherlands"
Almere (Amsterdam Region) Data Center,NorthC,,,Netherlands,"Rondebeltweg 62, 1329 BG Almere, Netherlands"
Amsterdam Data Center 1,IPTP Networks,,,Netherlands,"Science Park 404, 1098 XH Amsterdam, Netherlands"
AM6 Amsterdam IBX Data Center,Equinix,,,Netherlands,"Duivendrechtsekade 80a, Amsterdam, Netherlands"
Rotterdam Data Center,Eurofiber Cloud Infra,,,Netherlands,"Van Coulsterweg 6, 2952 CB Alblasserdam, Netherlands"
AM11 Amsterdam Data Center,Equinix,,,Netherlands,"Lemelerbergweg 28, 1101 AJ Amsterdam, Netherlands"
AM7 Amsterdam IBX Data Center,Equinix,,,Netherlands,"Kuiperbergweg 13, 1101 AE AmsterdamAmsterdam-Zuidoost, Amsterdam, Netherlands"
Amsterdam AMS9 Data Center,Digital Realty,,,Netherlands,"Science Park Amsterdam 121, Amsterdam, Netherlands"
AMS1 Amsterdam Data Center,CyrusOne,,,Netherlands,"Linieweg 1, 1165 Haarlemmerliede, Netherlands"
Delft (Rotterdam - The Hague Region) Data Center,NorthC,,,Netherlands,"Heertjeslaan 1, Delft, Netherlands"
Amsterdam South East Data Center,Colt Technologies,,,Netherlands,"Van der Madeweg 14A, Amsterdam, Netherlands"
Amsterdam AMS8 Data Center,Digital Realty,,,Netherlands,"Pudongweg 37, Rozenburg, Netherlands"
Aalsmeer (Amsterdam Region) Data Center,NorthC,,,Netherlands,"Lakenblekerstraat 13, 1431 GE Aalsmeer, Netherlands"
AMS2 Amsterdam Data Center,Zenlayer,,,Netherlands,"Kuiperbergweg 13, 1101 AE Amsterdam, Netherlands"
Amsterdam Data Center,EXA Infrastructure,,,Netherlands,"Koolhovenlaan 120, 1119 NH Schiphol-Rijk, Netherlands"
Amsterdam East Data Center,Global Switch,,,Netherlands,"Johan Huizingalaan 759, 1066 VH Amsterdam, Netherlands"
Amsterdam AMS6 Data Center,Digital Realty,,,Netherlands,"Koolhovenlaan 25, Schiphol-Rijk, Netherlands"
"AMS01 Amsterdam, Netherlands",IBM Cloud,,,Netherlands,"Paul van Vlissingenstraat 16, 1096 BK Amsterdam, The Netherlands"
AM8 Amsterdam IBX Data Center,Equinix,,,Netherlands,"Gyroscoopweg 2E, Amsterdam, Netherlands"
Oude Meer (Amsterdam Region) Data Center,NorthC,,,Netherlands,"Fokker Logistics Park, Fokkerweg 300, Oude Meer, Netherlands"
Utrecht Data Center,Eurofiber Cloud Infra,,,Netherlands,"Koningin Wilhelminaweg 471, Groenekan, Netherlands"
Schuberg Philis Datacenter,Schuberg Philis,,,Netherlands,"Boeing Avenue 271, Schiphol-Rijk, Netherlands"
Eindhoven 2 (High Tech Gateway) Data Center,NorthC,,,Netherlands,"De Schakel 35, 5651 GH Eindhoven, Netherlands"
Brabant Data Center,Eurofiber Cloud Infra,,,Netherlands,"Haven Vii, Gragtmansstraat, 5145 RA Waalwijk, Netherlands"
Interconnect Den Bosch,Interconnect Services BV,,,Netherlands,"De Steenbok 1, 's-Hertogenbosch, Netherlands"
Nedzone Data Center,Eurofiber Cloud Infra,,,Netherlands,"Reinierpolder 2, Drukkerij 6, 4651 SL Steenbergen, Netherlands"
Eindhoven 1 (High Tech Campus) Data Center,NorthC,,,Netherlands,"High Tech Campus 53, 5656 AG Eindhoven, Netherlands"
Tilburg Data Center,CenterServ,,,Netherlands,"Tilburg Hart van Brabantlaan, Tilburg, Netherlands"
Eindhoven Data Center,CenterServ,,,Netherlands,"Fellenoord, Eindhoven, Netherlands"
Global-e Datacenter BV – Europalaan Facility (NLRI2),Global-e Datacenter BV,,,Netherlands,"Europalaan 5, 5121 DH Rijen, Noord-Brabant, Netherlands"
Global-e Datacenter BV – Haansbergseweg Facility,Global-e Datacenter BV,,,Netherlands,"Haansbergseweg 12, 5121 LJ Rijen, Noord-Brabant, Netherlands"
Interconnect Hertogenbosch,Interconnect Services BV,,,Netherlands,"Het Sterrenbeeld 55, 's-Hertogenbosch, Netherlands"
Mierlo,Cellnext,,,Netherlands,"Torenweg 1, 5731 CJ Mierlo, Netherlands"
Gemert,Cellnext,,,Netherlands,"Hemelsbleekweg 15, 5425 PB De Mortel, Netherlands"
Interconnect Eindoven,Interconnect Services BV,,,Netherlands,"Park Forum 1041, Eindhoven, Netherlands"
Loon op Zand,Cellnext,,,Netherlands,"Finantiën 5, Tilburg, Netherlands"
Megen,Cellnext,,,Netherlands,"Ravensteinsedijk 2a, Megen, Netherlands"
Ittervoort,Cellnext,,,Netherlands,"Branskamp 16, 6014 CB Ittervoort, Netherlands"
Eindhoven Campus Data Center,Keppel Data Centres,,,Netherlands,"Eindhoven, The Netherlands"
Rotterdam Waalhaven Data Center,NorthC,,,Netherlands,"Anthony Fokkerweg 40, 3088 GG Rotterdam, Netherlands"
Goes Data Center,Cellnext,,,Netherlands,"Cornelisweg 10, Goes, Netherlands"
Nieuwegein (Utrecht Region) Data Center,NorthC,,,Netherlands,"Frieslandhaven 6, 3433 PC Nieuwegein, Netherlands"
BT DC Nieuwegein,BT Services (British Telecom),,,Netherlands,"Frieslandhaven 6, 3433 PC Nieuwegein, The Netherlands"
IJsselstein,Cellnext,,,Netherlands,"Hogebiezendijk 21, 3401 RT IJsselstein, Netherlands"
Rotterdam Zestienhoven 1 & 2 Data Center,NorthC,,,Netherlands,"Tempelhof 5-11, 3045 PV Rotterdam, Netherlands"
BT DC Rotterdam,BT Services (British Telecom),,,Netherlands,"Tempelhof 5-11, 3045 PV Rotterdam, The Netherlands"
Bytesnet Rotterdam Spaanse Kubus,Bytesnet,,,Netherlands,"Schuttevaerweg 48, Rotterdam, Netherlands"
Smartdc Rotterdam (Performance Data Center),i3D.net,,,Netherlands,"Van Nelleweg 1, 3044 BC Rotterdam, Netherlands"
Arnhem Data Center,Eurofiber Cloud Infra,,,Netherlands,"Tivolilaan 251, 6824 BV Arnhem, Netherlands"
Amersfoort Data Center,CenterServ,,,Netherlands,"Amersfoort, Centraal Station, Amersfoort, Netherlands"
BIT-2A Data Center,TUXIS Internet Engineering,,,Netherlands,"Galileïlaan 19, 6716 BP Ede, Netherlands"
BIT-2BCD Data Center,Bit Data Center,,,Netherlands,"Ede, Gelderland, Netherlands"
BIT-1 Data Center,TUXIS Internet Engineering,,,Netherlands,"Kelvinstraat 63, Ede, Netherlands"
DATABARN RIVIUM,Databarn,,,Netherlands,"Rivium Boulevard 62, 2909 LK Capelle aan den IJssel, Netherlands"
Alphen aan den Rijn,Cellnext,,,Netherlands,"Energieweg 4, 2404 HE Alphen aan den Rijn, Netherlands"
THG1 – The Hague Data Center,Data Facilities Data Centers,,,Netherlands,"Moezel 5, 2491 CV The Hague, South Holland, The Netherlands"
AMS2 Data Center,Switch Datacenters,,,Netherlands,"Polanerbaan 1, Woerden, Netherlands"
Amsterdam AMS15 Data Center,Digital Realty,,,Netherlands,"Jan Wijsmullerdreef 10, 2132 PZ Hoofddorp, The Netherlands"
AMS Campus Netherlands - Amsterdam,CloudHQ,,,Netherlands,"1119 PT Schiphol-Rijk, The Netherlands"
nLighten Amsterdam AMS2,nLighten,,,Netherlands,"Koolhovenlaan 120, 1119, Schiphol-Rijk, Netherlands"
AMS01 Data Center,Maincubes,,,Netherlands,"Capronilaan 2, Schiphol-Rijk, Netherlands"
Amsterdam 3 Data Center,HorizonIQ,,,Netherlands,"Cessnalaan 1-33, Schiphol-Rijk, Netherlands"
"Amsterdam, Netherlands (AMS1)",Limestone Networks,,,Netherlands,"Cessnalaan 50, 1119 NL Schiphol-Rijk, Netherlands"
Schiphol-Rijk Data Center 3,IPTP Networks,,,Netherlands,"Cessnalaan 1, 1119 NJ Schiphol-Rijk, Netherlands"
AMS DC-02 – Maincubes AMS01,3W Infra B.V.,,,Netherlands,"Capronilaan 2, 1119 NR Schiphol-Rijk, The Netherlands"
The Netherlands,OpenMetal.io,,,Netherlands,"Cessnalaan 1-33, 1119 NJ Schiphol-Rijk, The Netherlands"
EN1 Enschede Data Center,Equinix,,,Netherlands,"Auke Vleerstraat 1, 7521 PE Enschede, Netherlands"
ZW1 RL Netherlands Data Center,Equinix,,,Netherlands,"Telfordstraat 3, Zwolle, Netherlands"
ZW1 Zwolle IBX Data Center,Equinix,,,Netherlands,"Telfordstraat 3, 8013 RL Zwolle, Netherlands"
Markelo,Cellnext,,,Netherlands,"Larenseweg 58, 7475 PX Markelo, Netherlands"
Enschede Marssteden Data Center,InterDC,,,Netherlands,"Marssteden 110, 7547 TD Enschede, The Netherlands"
Enschede Haven,InterDC,,,Netherlands,"Josinkstraat 30, 7547 AB Enschede, The Netherlands"
Hengelo Data Center,InterDC,,,Netherlands,"Sherwood Rangers 1, 7551 KW Hengelo, The Netherlands"
SDC1 Data Center,Serverius IT Infrastructure,,,Netherlands,"De Linge 26, 8253 PJ Dronten, Netherlands"
SDC2 Data Center,Serverius IT Infrastructure,,,Netherlands,"Ketelskamp 10, 7942 KG Meppel, Netherlands"
SDC3 Data Center,Serverius IT Infrastructure,,,Netherlands,"Laan van de Ram 39, 7324 BW Apeldoorn, Gelderland, The Netherlands"
Ugchelen,Cellnext,,,Netherlands,"Otterloseweg 110, 7339 GZ Ugchelen, Netherlands"
Doetinchem data center,InterRacks,,,Netherlands,"Gildenbroederslaan 1, Doetinchem, Gelderland, The Netherlands"
Groningen Netherlands Data Center,QTS Data Centers,,,Netherlands,"Zernikelaan 16, 9747 AA Groningen, Netherlands"
Groningen 1 & 2 Data Centers,NorthC,,,Netherlands,"Liverpoolweg 10, 9744 TW Groningen, Netherlands"
Bytesnet Groningen d'ROOT,Bytesnet,,,Netherlands,"De Bunders 1, Groningen, Netherlands"
Groningen Data Center,CenterServ,,,Netherlands,"Paterswoldseweg, Groningen, Netherlands"
Hoogersmilde,Cellnext,,,Netherlands,"V. Veenstraat 26, Hoogersmilde, Netherlands"
AMS4 Data Center,Switch Datacenters,,,Netherlands,"Treubweg 11, 1112 BA Diemen, Netherlands"
AM1 - DRT Data Center PoP,MOD Mission Critical,,,Netherlands,"H.J.E. Wenckebachweg 127, 1096 AM Amsterdam, Noord-Holland, Netherlands"
Amsterdam AMS001 Data Center,AtlasEdge Data Centers,,,Netherlands,"Van der Madeweg 12-14a, 1114 AM Duivendrecht, Netherlands"
AMS3 Data Center,Switch Datacenters,,,Netherlands,"E-Business Solutions, IJsselmeerlaan, Weesp, Amsterdam, Netherlands"
AMS4 Amsterdam Data Center,Zenlayer,,,Netherlands,"Schepenbergweg 42, 1105 BN Amsterdam, Netherlands"
Amsterdam 2 Data Center,NorthC,,,Netherlands,"Stekkenbergweg 4, Amsterdam, Amsterdam, Netherlands"
"Data Centre, Paul van Vlissingenstraat",CapitaLand,,,Netherlands,"Johann Siegerstraat 9, Amsterdam, Netherlands"
Amsterdam Data Center (POP),Delska (DEAC European Data Center Operator),,,Netherlands,"Schepenbergweg, Amsterdam, Netherlands"
AM5 Equinix,FDCservers.net,,,Netherlands,"Schepenbergweg 42, Amsterdam, Netherlands"
Amsterdam Data Center 3,IPTP Networks,,,Netherlands,"Digital Realty Amsterdam AMS17, Science Park 120, 1098 XG Amsterdam, The Netherlands"
Amsterdam Data Center 4,IPTP Networks,,,Netherlands,"Science Park 105, 1098 XH Amsterdam, The Netherlands"
Media Gateway Hilversum,Cellnext,,,Netherlands,"Koos Postemalaan 2, Hilversum, Netherlands"
Amsterdam (Joop Geesinkweg) Data Center DC1,Lumen,,,Netherlands,"Joop Geesinkweg 401, Amsterdam, Netherlands"
Data center Penta Geleen,Penta Infra,,,Netherlands,"Transportlaan 100, 6163 CX Geleen, The Netherlands"
Maastricht,Cellnext,,,Netherlands,"Trichterbaan 170, Maastricht, Netherlands"
Cegeka Data Center Geleen,Cegeka,,,Netherlands,"Transportlaan 100, 6163 CX Geleen, Netherlands"
Amsterdam Data Center 2,IPTP Networks,,,Netherlands,"Luttenbergweg 4, 1101 EC Amsterdam, The Netherlands"
Haarlem Data Center,IPTP Networks,,,Netherlands,"J.W. Lucasweg 35, 2031 BE Haarlem, Netherlands"
Amsterdam Data Center 5,IPTP Networks,,,Netherlands,"Keienbergweg 22, 1101 GB Amsterdam, The Netherlands"
Almere Data Centre,Keppel Data Centres,,,Netherlands,"Almere, The Netherlands"
Hilversum,Cellnext,,,Netherlands,"Witte Kruislaan 47a, 1217 AM Hilversum, Netherlands"
Amsterdam IDC,eASPNet Taiwan Inc,,,Netherlands,"Science Park, Amsterdam, Netherlands"
Amsterdam Data Center 15,IPTP Networks,,,Netherlands,"Science Park 121, 1098 XH Amsterdam, Netherlands"
Amsterdam Data Center 9,IPTP Networks,,,Netherlands,"Science Park 610, 1098 XH Amsterdam, Netherlands"
Amsterdam Data Center 8,IPTP Networks,,,Netherlands,"Science Park 610, 1098 XH Amsterdam, Netherlands"
Data center Penta Leeuwarden,Penta Infra,,,Netherlands,"François HaverSchmidtwei 3, 8914 BC Leeuwarden, The Netherlands"
Tjerkgaast,Cellnext,,,Netherlands,"Gaestdyk 3, 8522 MV Tjerkgaast, Netherlands"
Amsterdam (Johan Huizingalaan) Data Center,Lumen,,,Netherlands,"Johan Huizingalaan 759, Amsterdam, Netherlands"
DC1 Amsterdam Data Center,Lumen,,,Netherlands,"Johan Huizingalaan 759, Amsterdam, Netherlands"
AMS002 Data Center,AtlasEdge Data Centers,,,Netherlands,"Luchtvaartstraat 1C, 1059 CA Amsterdam, The Netherlands"
AMS7 Amsterdan Data Center,Zenlayer,,,Netherlands,"H.J.E. Wenckebachweg 127, 1096 AM Amsterdam, The Netherlands"
